CREATE DATABASE  IF NOT EXISTS `sport` /*!40100 DEFAULT CHARACTER SET utf8 */;
USE `sport`;
-- MySQL dump 10.13  Distrib 5.5.46, for debian-linux-gnu (i686)
--
-- Host: 127.0.0.1    Database: sport
-- ------------------------------------------------------
-- Server version	5.5.46-0ubuntu0.14.04.2

/*!40101 SET @OLD_CHARACTER_SET_CLIENT=@@CHARACTER_SET_CLIENT */;
/*!40101 SET @OLD_CHARACTER_SET_RESULTS=@@CHARACTER_SET_RESULTS */;
/*!40101 SET @OLD_COLLATION_CONNECTION=@@COLLATION_CONNECTION */;
/*!40101 SET NAMES utf8 */;
/*!40103 SET @OLD_TIME_ZONE=@@TIME_ZONE */;
/*!40103 SET TIME_ZONE='+00:00' */;
/*!40014 SET @OLD_UNIQUE_CHECKS=@@UNIQUE_CHECKS, UNIQUE_CHECKS=0 */;
/*!40014 SET @OLD_FOREIGN_KEY_CHECKS=@@FOREIGN_KEY_CHECKS, FOREIGN_KEY_CHECKS=0 */;
/*!40101 SET @OLD_SQL_MODE=@@SQL_MODE, SQL_MODE='NO_AUTO_VALUE_ON_ZERO' */;
/*!40111 SET @OLD_SQL_NOTES=@@SQL_NOTES, SQL_NOTES=0 */;

--
-- Table structure for table `categoria`
--

DROP TABLE IF EXISTS `categoria`;
/*!40101 SET @saved_cs_client     = @@character_set_client */;
/*!40101 SET character_set_client = utf8 */;
CREATE TABLE `categoria` (
  `idcategoria` int(11) NOT NULL AUTO_INCREMENT,
  `name` varchar(250) DEFAULT NULL,
  PRIMARY KEY (`idcategoria`)
) ENGINE=InnoDB AUTO_INCREMENT=3 DEFAULT CHARSET=utf8;
/*!40101 SET character_set_client = @saved_cs_client */;

--
-- Dumping data for table `categoria`
--

LOCK TABLES `categoria` WRITE;
/*!40000 ALTER TABLE `categoria` DISABLE KEYS */;
INSERT INTO `categoria` VALUES (1,'senior'),(2,'libre');
/*!40000 ALTER TABLE `categoria` ENABLE KEYS */;
UNLOCK TABLES;

--
-- Table structure for table `club`
--

DROP TABLE IF EXISTS `club`;
/*!40101 SET @saved_cs_client     = @@character_set_client */;
/*!40101 SET character_set_client = utf8 */;
CREATE TABLE `club` (
  `idclub` int(11) NOT NULL AUTO_INCREMENT,
  `name` varchar(250) DEFAULT NULL,
  `description` text,
  `fechacreacion` datetime DEFAULT NULL,
  `gestion` int(11) DEFAULT NULL,
  `fechamodificacion` timestamp NULL DEFAULT NULL,
  `activo` tinyint(4) DEFAULT NULL,
  PRIMARY KEY (`idclub`)
) ENGINE=InnoDB AUTO_INCREMENT=35 DEFAULT CHARSET=utf8;
/*!40101 SET character_set_client = @saved_cs_client */;

--
-- Dumping data for table `club`
--

LOCK TABLES `club` WRITE;
/*!40000 ALTER TABLE `club` DISABLE KEYS */;
INSERT INTO `club` VALUES (1,'COMBIF','Presidente   - Vic tor Guzman Choque\nVicePresidente - Marco Antonio Crispin Soliz\nSecretario de Deportes - David Rivera Centellas\nVocal Primero - Sergio Medrano Fernandez\nVocal Segundo - Narda Guzman Choque\nVocal Tercero - Miriam Capia Alarcon','2015-04-26 16:03:28',0,NULL,NULL),(2,'COBOLIV','Presidente - Jhony Villanueva Miranda\nVicePresidente - Sandro Nava Ramos\nStrio. Deportes - Richard Said Ortiz\nColor - Poler celeste con blanco,corto celeste, medias blancas','2015-04-26 16:05:13',0,NULL,NULL),(3,'San Pedro','San Pedro Futbol Club\nPresidente - Guillermo Romero Avila\nDelegado - Freddy Mercado Arias\nDelegado - Raul Ovando Choque','2015-04-26 16:06:44',0,NULL,NULL),(4,'Rompe Rocas`','Club Deportivo Rompe Rocas\nPresidenta - Margarita Vargas Rios\nVicePresidenta - Claudia Yucra Arispe\nDelegado Titular -  Edmundo Canedo Vargas\nDelegado Suplente -  Jose Helguero Doria Medina\nColor - Amarillo con franjas azules','2015-04-26 16:09:21',0,NULL,NULL),(5,'Rosario Central','Presidente - Ismael Mamani Roque\nVicePresidente -  Victor Mitma Choquecallata\nStrio. Hacienda -  Francisco Mitma Choquecallata\nComite Tecnico - Jose Luis Mollo Calle\nDelegado Titular -  Sergio Calle Macias','2015-04-26 16:13:12',NULL,NULL,NULL),(6,'Santa Maria','Presidente - Mario Rivera Ayala\nVicePresidente - Alex  Rivera Ayala\nStrio. Deportes - Willi Miranda Claros\nStrio. Hacienda - Silvia Rivera Ojeda\nDelegado Titular - Ronald A. Rivera Ojeda','2015-04-26 16:16:07',0,NULL,NULL),(7,'Olimpic San Pedro','Presidente - Nicolas Arroyo\nVicePresidente - Gustavo Pomarayme\n\n','2015-04-26 16:17:53',0,NULL,NULL),(8,'Jalakery','Club Deportivo Jalakery\nPresidente -  Limbert Romero Encinas\nStrio. Hacienda - Ramiro Romero\nVocal - Walter Jimenez Flores\nVocal - Rene Romero Encinas\nDelegado Titular -  Limbert Romero Encinas\nSegundo Delegado - Ramiro M. Romero Vasquez','2015-04-26 16:47:36',0,NULL,NULL),(9,'Valle Bajo','Club Deportivo Valle Bajo\nPresidente - Miguel Condori Machaca\nVicePresidente - Vitalio Martinez\nDelegado Titular - Jose Luis Pereira Vasquez\nDelegado Suplente Jose Luis Condori Machaca','2015-04-26 16:50:22',0,NULL,NULL),(10,'Botafogo','Club Deportivo Botafogo Huanuni\nPresidente - Omar Ruben Valdivia Taquichiri\nVicePresidente - Edwin Taquichiri Montaño\nDelegado Titular - Edwin Taquichiri Montaño\nDelegado Suplente - Pedro Taquichiri Andrade\n\nColor - Blanco y negro','2015-04-26 16:53:30',0,NULL,NULL),(11,'Atletico Marza','Club Atletico Marza\nPresidente - Brusman Guevara R.\nVicePresidente - Florencio Choquevillca\nDelegado Titular - Ana Marza Fuentes\nDelegado Suplente - Fanny Guevara F.\nColor uniforme - Negro y Dorado\n','2015-04-26 16:54:40',0,NULL,NULL),(12,'Nelson Guevara','Club Deportivo Nelson Guevara Aranda\nPresidente - Jose Guevara Aranda\nStrio. Deportes - Tomas Guevara Aranda\nDelegado - Josue D. Mamani Guevara\nColor - Polera Amarillo y azul , cortos azules, medias azules\n','2015-04-26 16:57:27',0,NULL,NULL),(13,'Deportivo Huanuni','','2015-06-01 22:14:56',0,NULL,NULL),(14,'Porvenir','Presidente - Victor Jaldin Gonzales\nVice-Presidente - Oscar Arnez Barrientos\nTesorera - Maria Arnez Barrientos\nSecretario - Jhonny Arnez Barrientos\nStrio. Deportes - Darco Rocha Flores\nStrio. Deportes - Rosario Jaldin Alcala\nVocal - Eleuterio Choque\nVocal - Nilda Arnez Barrientos\n','2015-06-01 22:22:44',0,NULL,NULL),(15,'Villa Galindo','Presidente - Eusebio Perez Andrade\nCoordinador General - Juan Jose Chacon Bozo\nDelegado Tiltular Eusebio Perez Andrade\nDelegado Suplente - Carlos Taborga','2015-06-01 22:39:56',0,NULL,NULL),(16,'Diablos Rojos','','2015-06-08 10:32:51',NULL,NULL,NULL),(17,'Magos','','2015-06-08 10:32:54',NULL,NULL,NULL),(18,'Villa Buch','','2015-06-08 10:34:32',NULL,NULL,NULL),(19,'Deportivo Chimba','','2015-06-08 10:35:11',NULL,NULL,NULL),(20,'Independiente','Presidente - Humberto Heredia\nVicePresidente - Eloy Maida\n','2015-06-08 10:52:55',NULL,NULL,NULL),(21,'Chimba','Presidente - Vanesa Fernandez de P.\nSecretario de Deportes - Roberto Alvares\nDelegado Titular -  Carlos Pobletti Q.\nDelegado Suplente - Estiven Santa Cruz V.','2015-06-08 10:54:11',NULL,NULL,NULL),(22,'Santa Rosa','','2015-06-08 10:57:56',NULL,NULL,NULL),(23,'Walaychos','','2015-06-08 22:32:03',NULL,NULL,NULL),(24,'Gregorianos','','2015-06-08 22:32:32',NULL,NULL,NULL),(25,'Porvenir F. Libre','','2015-06-08 22:58:00',NULL,NULL,NULL),(26,'Jalakery F. Libre','','2015-06-08 23:00:20',NULL,NULL,NULL),(27,'Jalakery Futsal Libre','','2015-06-08 23:26:40',NULL,NULL,NULL),(28,'Deportivo Huanuni Futsal Libre','','2015-06-08 23:27:07',NULL,NULL,NULL),(29,'Porvenir Futsal Libre','','2015-06-08 23:27:19',NULL,NULL,NULL),(30,'Diablos Rojos Futsal Libre','','2015-06-08 23:27:41',NULL,NULL,NULL),(31,'CAN','Club  Atletico Navarro','2016-06-11 21:23:23',NULL,NULL,NULL),(32,'10 de Noviembre','','2016-06-16 22:27:34',NULL,NULL,NULL),(33,'Cataricagua','','2016-06-16 23:30:43',NULL,NULL,NULL),(34,'Club Huanuni','','2016-06-18 08:31:31',NULL,NULL,NULL);
/*!40000 ALTER TABLE `club` ENABLE KEYS */;
UNLOCK TABLES;

--
-- Table structure for table `club_disc_xref`
--

DROP TABLE IF EXISTS `club_disc_xref`;
/*!40101 SET @saved_cs_client     = @@character_set_client */;
/*!40101 SET character_set_client = utf8 */;
CREATE TABLE `club_disc_xref` (
  `idclub_disc_xref` int(11) NOT NULL AUTO_INCREMENT,
  `iddisciplina` int(11) NOT NULL,
  `idclub` int(11) NOT NULL,
  PRIMARY KEY (`idclub_disc_xref`),
  KEY `fk_club_disc_xref_disciplina1_idx` (`iddisciplina`),
  KEY `fk_club_disc_xref_club1_idx` (`idclub`),
  CONSTRAINT `fk_club_disc_xref_club1` FOREIGN KEY (`idclub`) REFERENCES `club` (`idclub`) ON DELETE NO ACTION ON UPDATE NO ACTION,
  CONSTRAINT `fk_club_disc_xref_disciplina1` FOREIGN KEY (`iddisciplina`) REFERENCES `disciplina` (`iddisciplina`) ON DELETE NO ACTION ON UPDATE NO ACTION
) ENGINE=InnoDB AUTO_INCREMENT=37 DEFAULT CHARSET=utf8;
/*!40101 SET character_set_client = @saved_cs_client */;

--
-- Dumping data for table `club_disc_xref`
--

LOCK TABLES `club_disc_xref` WRITE;
/*!40000 ALTER TABLE `club_disc_xref` DISABLE KEYS */;
INSERT INTO `club_disc_xref` VALUES (1,4,3),(2,2,2),(3,4,26),(4,2,4),(5,1,5),(7,1,14),(8,1,9),(9,5,10),(10,5,11),(11,5,4),(12,5,27),(13,5,28),(14,5,29),(15,5,30),(16,5,17),(17,5,18),(18,5,19),(19,1,8),(20,1,20),(21,1,21),(22,1,2),(23,1,15),(24,1,7),(25,1,22),(26,4,16),(27,4,24),(28,4,13),(29,4,12),(30,4,23),(31,4,25),(33,2,31),(34,2,32),(35,2,33),(36,2,34);
/*!40000 ALTER TABLE `club_disc_xref` ENABLE KEYS */;
UNLOCK TABLES;

--
-- Table structure for table `delegado`
--

DROP TABLE IF EXISTS `delegado`;
/*!40101 SET @saved_cs_client     = @@character_set_client */;
/*!40101 SET character_set_client = utf8 */;
CREATE TABLE `delegado` (
  `iddelegado` int(11) NOT NULL AUTO_INCREMENT,
  `name` varchar(250) DEFAULT NULL,
  `last` varchar(250) DEFAULT NULL,
  `type` varchar(250) DEFAULT 'titular',
  `idclub` varchar(45) DEFAULT NULL,
  `fechacreacion` datetime DEFAULT NULL,
  PRIMARY KEY (`iddelegado`)
) ENGINE=InnoDB DEFAULT CHARSET=utf8;
/*!40101 SET character_set_client = @saved_cs_client */;

--
-- Dumping data for table `delegado`
--

LOCK TABLES `delegado` WRITE;
/*!40000 ALTER TABLE `delegado` DISABLE KEYS */;
/*!40000 ALTER TABLE `delegado` ENABLE KEYS */;
UNLOCK TABLES;

--
-- Table structure for table `disciplina`
--

DROP TABLE IF EXISTS `disciplina`;
/*!40101 SET @saved_cs_client     = @@character_set_client */;
/*!40101 SET character_set_client = utf8 */;
CREATE TABLE `disciplina` (
  `iddisciplina` int(11) NOT NULL AUTO_INCREMENT,
  `name` varchar(100) DEFAULT NULL,
  PRIMARY KEY (`iddisciplina`)
) ENGINE=InnoDB AUTO_INCREMENT=7 DEFAULT CHARSET=utf8;
/*!40101 SET character_set_client = @saved_cs_client */;

--
-- Dumping data for table `disciplina`
--

LOCK TABLES `disciplina` WRITE;
/*!40000 ALTER TABLE `disciplina` DISABLE KEYS */;
INSERT INTO `disciplina` VALUES (1,'Futbol Senior'),(2,'Futsala Senior'),(4,'Futbol Libre'),(5,'Futsala Libre'),(6,'Basquet Libre');
/*!40000 ALTER TABLE `disciplina` ENABLE KEYS */;
UNLOCK TABLES;

--
-- Table structure for table `jugador`
--

DROP TABLE IF EXISTS `jugador`;
/*!40101 SET @saved_cs_client     = @@character_set_client */;
/*!40101 SET character_set_client = utf8 */;
CREATE TABLE `jugador` (
  `idjugador` int(11) NOT NULL AUTO_INCREMENT,
  `name` varchar(250) DEFAULT NULL,
  `last` varchar(250) DEFAULT NULL,
  `ci` varchar(250) DEFAULT NULL,
  `idclub` varchar(10) DEFAULT NULL,
  `fechanacimiento` date DEFAULT NULL,
  `fechacreacion` date DEFAULT NULL,
  `disciplina` varchar(250) DEFAULT NULL,
  `parentesco` varchar(250) DEFAULT NULL,
  `fechanotificado` datetime DEFAULT NULL,
  `fechaActualizado` datetime DEFAULT NULL,
  `kardex` tinytext,
  `documento` varchar(45) DEFAULT NULL,
  `notas` text,
  PRIMARY KEY (`idjugador`)
) ENGINE=InnoDB AUTO_INCREMENT=398 DEFAULT CHARSET=utf8;
/*!40101 SET character_set_client = @saved_cs_client */;

--
-- Dumping data for table `jugador`
--

LOCK TABLES `jugador` WRITE;
/*!40000 ALTER TABLE `jugador` DISABLE KEYS */;
INSERT INTO `jugador` VALUES (1,'Victor','Guzman Choque','3137392','1','1971-11-11','2015-04-19','6',NULL,'0000-00-00 00:00:00',NULL,'images/2.jpg',NULL,NULL),(2,'Marco Antonio','Crispin Soliz','3117966','1','1973-05-23','2015-05-03','6','OTRO','0000-00-00 00:00:00','0000-00-00 00:00:00',NULL,NULL,NULL),(3,'Gustavo','Siñani Flores','2538033','1','1963-07-14','2015-05-03','6',NULL,'0000-00-00 00:00:00',NULL,NULL,NULL,NULL),(4,'Fernando','Rivera Centellas','3789553','1','1973-06-02','2015-05-03','6',NULL,'0000-00-00 00:00:00',NULL,NULL,NULL,NULL),(5,'David','Rivera Centellas','3596531','1','1965-03-22','2015-05-03','6',NULL,'0000-00-00 00:00:00',NULL,NULL,NULL,NULL),(6,'Justo','Choque Mamani','3424911','1','1966-09-18','2015-05-03','6','OTRO','0000-00-00 00:00:00','0000-00-00 00:00:00',NULL,NULL,NULL),(7,'Oscar','Campos Quiroga','3531659','1','1977-10-20','2015-05-03','6',NULL,'0000-00-00 00:00:00',NULL,NULL,NULL,NULL),(8,'Fabricio A.','Crispin Guzman','8776824','1','2000-01-02','2015-05-03','6',NULL,'0000-00-00 00:00:00',NULL,NULL,NULL,NULL),(9,'Cristian','Guarayo Canaviri','68449405','1','1993-05-24','2015-05-03','6',NULL,'0000-00-00 00:00:00',NULL,NULL,NULL,NULL),(10,'Rolando','Santos Chamacero','3408447','1','1967-11-28','2015-05-03','6',NULL,'0000-00-00 00:00:00',NULL,NULL,NULL,NULL),(11,'Sergio','Medrano Fernandez','3513847','1','1971-04-19','2015-05-03','6',NULL,'0000-00-00 00:00:00',NULL,NULL,NULL,NULL),(12,'Alex','Rivera Ayala','4383712','6','1970-07-04','2015-05-03','2',NULL,'0000-00-00 00:00:00',NULL,NULL,NULL,NULL),(13,'Mario','Rivera Ayala','2741051','34','1958-01-01','2015-05-03','2','HUANUNEÑO','0000-00-00 00:00:00',NULL,NULL,'SI',''),(14,'Wylly','Miranda Claros','617280','6','1951-06-29','2015-05-03','2',NULL,'0000-00-00 00:00:00',NULL,NULL,NULL,NULL),(15,'Ramiro','Urquizu Villarroel','3042996','6','1959-11-20','2015-05-03','2','NINGUNO','0000-00-00 00:00:00',NULL,NULL,'SI','No presenta fotocopia de CI'),(16,'Jorge','Miranda Claros','8842295','6','1959-03-02','2015-05-03','2','HUANUNEÑO','0000-00-00 00:00:00','0000-00-00 00:00:00',NULL,'SI','No presenta fotocpia CI'),(17,'Rene','Achaval Heredia','493295','6','1951-08-25','2015-05-03','2','HUANUNEÑO','0000-00-00 00:00:00',NULL,NULL,'SI','No presenta fotocopia CI'),(18,'Ronald A.','Rivera Ojeda','6462434','6','1979-08-31','2015-05-03','2',NULL,'0000-00-00 00:00:00',NULL,NULL,NULL,NULL),(19,'Ernesto','Alcocer Flores','3505263','20','1971-12-04','2015-05-03','1','NINGUNO','0000-00-00 00:00:00',NULL,NULL,'NO','No presenta documentos'),(20,'Walter','Jimenez Flores','2764865','26','1959-07-01','2015-05-03','4','HUANUNEÑO','0000-00-00 00:00:00','0000-00-00 00:00:00',NULL,NULL,NULL),(21,'Raul','Romero Encinas','3007119','8','1963-03-07','2015-05-03','1','HUANUNEÑO','0000-00-00 00:00:00','0000-00-00 00:00:00',NULL,'SI',''),(22,'Rene','Romero Encinas','3725608','8','1966-10-08','2015-05-03','1','HUANUNEÑO','0000-00-00 00:00:00','0000-00-00 00:00:00',NULL,'SI',''),(23,'Limbert','Romero Encinas','3771004','8','1969-11-04','2015-05-03','1','HUANUNEÑO','0000-00-00 00:00:00','0000-00-00 00:00:00',NULL,'SI',''),(24,'Ramiro Macario','Romero Vasquez','4419116','8','1974-02-25','2015-05-03','1','HUANUNEÑO','0000-00-00 00:00:00','0000-00-00 00:00:00',NULL,'SI',''),(25,'Siriaco','Aguilar Isidro','7272263','8','1972-06-18','2015-05-03','1','OTRO','0000-00-00 00:00:00',NULL,NULL,'SI','Radicado,presenta diploma de bachiller'),(26,'Alfredo','Perez Tejerina','5210555','8','1972-09-24','2015-05-03','1','HUANUNEÑO','0000-00-00 00:00:00','0000-00-00 00:00:00',NULL,'SI',''),(27,'Victor Hernan','Vasquez Morales','3085712','8','1963-08-17','2015-05-03','1','HUANUNEÑO','0000-00-00 00:00:00','0000-00-00 00:00:00',NULL,'SI',''),(28,'Ronald','Rivera Ojeda','','8','0000-00-00','2015-05-03','1','NINGUNO','0000-00-00 00:00:00',NULL,NULL,'SI','no presenta carnet'),(29,'Carlos Wilder','Catorceno Perez','3538178','8','1976-04-01','2015-05-03','1','HUANUNEÑO','0000-00-00 00:00:00',NULL,NULL,'SI',''),(30,'Jaime','Quispe Escobar','3622842','8','1967-08-12','2015-05-03','1','HUANUNEÑO','0000-00-00 00:00:00','0000-00-00 00:00:00',NULL,'SI',''),(31,'Marcelo','Crispin Siles','3437808','8','1969-12-10','2015-05-03','1','HUANUNEÑO','0000-00-00 00:00:00',NULL,NULL,'SI',''),(32,'Freddy','Jimenez Flores','2750841','8','1960-06-27','2015-05-03','1','HUANUNEÑO','0000-00-00 00:00:00','0000-00-00 00:00:00',NULL,NULL,NULL),(33,'Abraham','Ventura Davalos','3535718','8','1967-07-30','2015-05-03','1','HUANUNEÑO','0000-00-00 00:00:00','0000-00-00 00:00:00',NULL,'SI',''),(34,'Jose Luis','Zenteno Ayllon','3731823','8','1966-01-22','2015-05-03','1','HUANUNEÑO','0000-00-00 00:00:00','0000-00-00 00:00:00',NULL,'SI',''),(35,'Ronald','Bustamante Quispe','3531913','8','1978-01-08','2015-05-03','1','HUANUNEÑO','0000-00-00 00:00:00',NULL,NULL,'SI',''),(36,'Zenon Pedro','Rodriguez Vasquez','2759037','8','1964-03-13','2015-05-03','1','HUANUNEÑO','0000-00-00 00:00:00','0000-00-00 00:00:00',NULL,'SI',''),(37,'Javier Isaac','Rodriguez Vasquez','4514766','8','1973-07-09','2015-05-03','1','HUANUNEÑO','0000-00-00 00:00:00','0000-00-00 00:00:00',NULL,'SI',''),(38,'Cesar','Cruz Cortes','8670419','8','1963-08-27','2015-05-03','1','HUANUNEÑO','0000-00-00 00:00:00','0000-00-00 00:00:00',NULL,'SI',''),(39,'Gustavo','Siñani Flores','2538033','8','1963-07-14','2015-05-03','1','NINGUNO','0000-00-00 00:00:00',NULL,NULL,'SI','Nacido en Inquisivi La Paz'),(40,'Vladimir','Martinez Bustillos','3102791','9','1968-03-29','2015-05-03','1','HUANUNEÑO','0000-00-00 00:00:00',NULL,NULL,'SI','Revisado'),(41,'Jose Luis ','Pereira Vasquez','353091','9','1974-02-19','2015-05-03','1','HUANUNEÑO','0000-00-00 00:00:00',NULL,NULL,'SI','Revisado'),(42,'Felix','Arias Torrez','2900348','9','1964-10-16','2015-05-03','1','HUANUNEÑO','0000-00-00 00:00:00','0000-00-00 00:00:00',NULL,'NO',''),(43,'Jhonny','Cuellar Sejas','39113221','9','1970-05-25','2015-05-03','1','ESPOSO','0000-00-00 00:00:00',NULL,NULL,'SI','Esposa - Elvira del Carpio,NO carnet esposa'),(44,'Ariel Rene','Teran Veizaga','4458830','9','1976-09-19','2015-05-03','1','HUANUNEÑO','0000-00-00 00:00:00',NULL,NULL,'SI',''),(45,'Ernesto','Caceres Villarroel','3603775','9','1972-01-01','2015-05-03','1','HUANUNEÑO','0000-00-00 00:00:00',NULL,NULL,'SI',''),(46,'Alberto','Andrade Jimenez','','9','0000-00-00','2015-05-03','1','NINGUNO','0000-00-00 00:00:00',NULL,NULL,NULL,NULL),(47,'Antonio','Cossio Terrazas','3805315','9','1973-07-13','2015-05-03','1','ESPOSO','0000-00-00 00:00:00',NULL,NULL,'SI','Esposa Silvia Amusquibar,No tiene carnet espo'),(48,'Marco Antonio','Ochoa Ayala','3526785','8','1972-11-26','2015-05-03','1','ESPOSO','0000-00-00 00:00:00',NULL,NULL,'SI','Esposa Maria Hortencia Ayala Garcia de Ochoa'),(49,'Ramiro','Fuentes Ojeda','3108645','22','1969-03-06','2015-05-03','1','HUANUNEÑO','0000-00-00 00:00:00',NULL,NULL,'SI',''),(50,'Henrry','Zurita Enrriquez','4466498','9','1979-05-08','2015-05-03','1','NINGUNO','0000-00-00 00:00:00',NULL,NULL,'SI','Nacio en Cochabamba, Carnet no indica lugar d'),(51,'Jose Luis','Condori Machaca','3597137','9','1966-05-01','2015-05-03','1','OTRO','0000-00-00 00:00:00',NULL,NULL,'SI','Nacio en Oruro'),(52,'Marco Antonio','Ramirez Villca','3536404','9','1964-06-03','2015-05-03','1','HUANUNEÑO','0000-00-00 00:00:00','0000-00-00 00:00:00',NULL,'SI','Revisado'),(53,'Alfredo','Mendez Villegas','3445172','9','1961-02-26','2015-05-03','1','NINGUNO','0000-00-00 00:00:00',NULL,NULL,'SI','Carnet dice Oruro'),(54,'Eliseo','Crispin Mitma','6539047','9','1966-06-14','2015-05-03','1','HUANUNEÑO','0000-00-00 00:00:00',NULL,NULL,'SI','Revisado'),(55,'Fernando','Nina Vasquez','','9','0000-00-00','2015-05-03','1',NULL,'0000-00-00 00:00:00',NULL,NULL,NULL,NULL),(56,'Angel','Daza Michel','2784355','9','1964-03-17','2015-05-03','1','HUANUNEÑO','0000-00-00 00:00:00',NULL,NULL,'SI',''),(57,'Julio ','Poma Alberto','2311905','9','1968-09-01','2015-05-03','1','OTRO','0000-00-00 00:00:00',NULL,NULL,'SI','Trabajador, Nacido en La Paz, no presenta doc'),(58,'Orlando','Nina Vasquez','','9','0000-00-00','2015-05-03','1',NULL,'0000-00-00 00:00:00',NULL,NULL,NULL,NULL),(59,'Alvaro','Soria Aguilar','','10','0000-00-00','2015-05-03','5','HIJO','0000-00-00 00:00:00',NULL,NULL,'SI',''),(60,'Edwin','Taquichiri Montaño','4460320','10','1977-09-16','2015-05-03','5','HUANUNEÑO','0000-00-00 00:00:00',NULL,NULL,'SI',''),(61,'Pedro','Taquichiri Montaño','','10','0000-00-00','2015-05-03','5','HUANUNEÑO','0000-00-00 00:00:00',NULL,NULL,'SI',''),(62,'Omar Ruben','Valdivia Taquichiri','','10','0000-00-00','2015-05-03','5','HUANUNEÑO','0000-00-00 00:00:00',NULL,NULL,'SI',''),(63,'Danny','Guzman Veliz','7980618','10','1990-05-25','2015-05-03','5','HIJO','0000-00-00 00:00:00',NULL,NULL,'SI','Presenta fotocopia CI del Padre'),(64,'Boris','Paniagua Guzman','9520016','10','1996-08-15','2015-05-03','5','HIJO','0000-00-00 00:00:00',NULL,NULL,'SI','Presenta fotocopia CI de la Madre'),(65,'Carlos','Perez Santos','','10','0000-00-00','2015-05-03','5','HIJO','0000-00-00 00:00:00',NULL,NULL,'SI','No presenta fotocopia CI'),(66,'Cristian Marcelo','Villarroel','8039920','11','1988-05-11','2015-05-03','5','HIJO','0000-00-00 00:00:00',NULL,NULL,'SI','OJO, presenta fotocopia CI de la madre, pero '),(67,'Edson','Choquevillca Choquecallata','8732216','11','1996-11-17','2015-05-03','5','HIJO','0000-00-00 00:00:00',NULL,NULL,'SI','Presenta fotocopia CI de la madre'),(68,'Brian Wilder','Guevara Marza','6546093','11','1992-06-16','2015-05-03','5','HIJO','0000-00-00 00:00:00',NULL,NULL,'SI','Presenta fotocopia CI de la madre'),(69,'Jhon','Marza Fuentes','4383071','11','1972-03-26','2015-05-03','5','HUANUNEÑO','0000-00-00 00:00:00','0000-00-00 00:00:00',NULL,'SI',''),(70,'Bayron Roger','Zeballos Marza','8814778','11','1998-06-09','2015-05-03','5','HIJO','0000-00-00 00:00:00',NULL,NULL,'SI','Presenta fotocopia CI de la madre'),(71,'Junior','Torres  Zalles','5317992','11','1983-01-07','2015-05-03','5','HUANUNEÑO','0000-00-00 00:00:00',NULL,NULL,'SI',''),(72,'Kevin Ricardo','Ovando Ortega','9316107','11','1998-05-02','2015-05-03','5','HIJO','0000-00-00 00:00:00',NULL,NULL,'SI','Presenta fotocopia CI de la madre'),(73,'Marcelo','Figueroa Guevara','5933113','11','1987-08-29','2015-05-03','5','HIJO','0000-00-00 00:00:00',NULL,NULL,'SI','Presenta fotocopia CI de la madre'),(74,'Cristian','Gonzales Andia','8767162','11','1997-11-11','2015-05-03','5','HIJO','0000-00-00 00:00:00',NULL,NULL,'SI','Presenta fotocopia CI del padre'),(75,'Abram','Quispe Choquecallata','12872391','11','0000-00-00','2015-05-03','5','HIJO','0000-00-00 00:00:00',NULL,NULL,'SI','Presenta certificado de nacimiento de la madr'),(76,'Junnior','Hoyos Ampuero','8693869','11','1994-08-12','2015-05-03','5','HIJO','0000-00-00 00:00:00',NULL,NULL,'SI','Presenta fotocopia CI del padre'),(77,'Bruno','Guevara Orellana','8697392','11','0000-00-00','2015-05-03','5','HIJO','0000-00-00 00:00:00',NULL,NULL,'SI','Presenta fotocopia de CI del padre'),(78,'Freddy','Parihuancollo Encinas','6476673','12','1984-03-11','2015-05-03','4','ESPOSO','0000-00-00 00:00:00',NULL,NULL,'SI','No presenta fotocopia CM/CI esposa'),(79,'Dussan German','Vargas Rivero','3684228','12','1992-12-22','2015-05-03','4','HUANUNEÑO','0000-00-00 00:00:00',NULL,NULL,'SI',''),(80,'Josue Daniel','Mamani Guevara','8730969','12','1985-12-06','2015-05-03','4','HUANUNEÑO','0000-00-00 00:00:00',NULL,NULL,'SI',''),(81,'Cristhian Jordan','Alvarez Saavedra','9499257','12','0000-00-00','2015-05-03','4','HIJO','0000-00-00 00:00:00',NULL,NULL,'SI','Presenta fotocopia de CI del padre, no presen'),(82,'Richard','Guarayo Calle','8039957','12','1990-01-16','2015-05-03','4','HUANUNEÑO','0000-00-00 00:00:00',NULL,NULL,'SI',''),(83,'Cristhian Javier','Guarayo Canaviri','7395272','12','1993-05-24','2015-05-03','4','NINGUNO','0000-00-00 00:00:00',NULL,NULL,'SI','No presenta documentacion de parentesco'),(84,'Jose Antonio','Avila Daza','3533588','12','1993-01-12','2015-05-03','4','HIJO','0000-00-00 00:00:00',NULL,NULL,'SI','No presenta fotocopia CI del padre/madre'),(85,'Kevin Jhonny','Daza Garcia','9315238','12','0000-00-00','2015-05-03','4',NULL,'0000-00-00 00:00:00',NULL,NULL,NULL,NULL),(86,'Juan Manuel','Chavez Zeballos','7898773','12','1990-02-13','2015-05-03','4','HIJO','0000-00-00 00:00:00',NULL,NULL,'SI','Presenta fotocopia CI del Padre'),(87,'Adolfo','Guarayo Calle','6498892','12','1983-09-02','2015-05-03','4','HUANUNEÑO','0000-00-00 00:00:00',NULL,NULL,'SI',''),(88,'Javier','Chavez Zeballos','6529400','12','1982-11-10','2015-05-03','4','HUANUNEÑO','0000-00-00 00:00:00',NULL,NULL,'SI',''),(89,'Roger Miguel','Rodriguez Angelo','5288366','12','1987-10-29','2015-05-03','4','HUANUNEÑO','0000-00-00 00:00:00',NULL,NULL,'SI',''),(90,'Bruno Carlos','Avila Daza','3533587','12','1989-10-06','2015-05-03','4','HIJO','0000-00-00 00:00:00',NULL,NULL,'SI','No presenta fotocopia CI del padre/madre'),(91,'Giovanny','Daza Choque','8013483','12','1984-06-24','2015-05-03','4','HUANUNEÑO','0000-00-00 00:00:00',NULL,NULL,'SI','Presenta Fotocopia CN'),(92,'Jose Luis','Altamirano Mirones','8036364','12','0000-00-00','2015-05-03','4',NULL,'0000-00-00 00:00:00',NULL,NULL,NULL,NULL),(93,'Yuri','Balderrama Rivera','7901434','12','1989-10-11','2015-05-03','4','HIJO','0000-00-00 00:00:00',NULL,NULL,'SI','Presenta fotocopia CI de la Madre'),(94,'Alvaro','Rojas Flores','8832349','12','0000-00-00','2015-05-03','4',NULL,'0000-00-00 00:00:00',NULL,NULL,NULL,NULL),(95,'Wilson','Cruz Romero','','13','1980-04-09','2015-06-01','5','HIJO','0000-00-00 00:00:00',NULL,NULL,'SI','Presenta Certificado Nacimiento y CI Madre'),(96,'Wilder','Jaldin Alcala','3817146','14','1970-09-16','2015-06-01','1','HUANUNEÑO','0000-00-00 00:00:00',NULL,NULL,'SI',''),(97,'Eleuterio','Choque Rico','3746272','14','1966-08-04','2015-06-01','1','ESPOSO','0000-00-00 00:00:00','0000-00-00 00:00:00',NULL,'SI','Esposa - Blanca Rosario Arnez, presenta libre'),(98,'Felix Rolando','Padilla Guzman','3078782','14','1969-11-20','2015-06-01','1','ESPOSO','0000-00-00 00:00:00',NULL,NULL,'SI','esposa- Maria esther Perez Guzman'),(99,'Hugo','Garcia Rojas','671702','14','1959-05-21','2015-06-01','1','HUANUNEÑO','0000-00-00 00:00:00',NULL,NULL,'SI',''),(100,'Jose','Mamani Valdiviezo','9424095','14','1963-06-08','2015-06-01','1','HUANUNEÑO','0000-00-00 00:00:00',NULL,NULL,'SI',''),(101,'Jose','Ledezma Ancieta','5248789','14','1975-03-19','2015-06-01','1','HUANUNEÑO','0000-00-00 00:00:00',NULL,NULL,'SI',''),(102,'Marco Antonio','Romero Vargas','','14','0000-00-00','2015-06-01','1',NULL,'0000-00-00 00:00:00',NULL,NULL,NULL,NULL),(103,'Darco','Rocha Flores','3753873','14','1971-11-10','2015-06-01','1','ESPOSO','0000-00-00 00:00:00','0000-00-00 00:00:00',NULL,'SI','Esposa - Marisol Humerez Gonzales,presenta ce'),(104,'Juan Carlos','Fuentes Ojeda','3112890','14','1970-09-21','2015-06-01','1','HUANUNEÑO','0000-00-00 00:00:00',NULL,NULL,'SI',''),(105,'Jhonny','Ledezma Ancieta','','14','0000-00-00','2015-06-01','1',NULL,'0000-00-00 00:00:00',NULL,NULL,NULL,NULL),(106,'Marco Antonio','Veliz Via','4472911','14','1976-03-15','2015-06-01','1','HUANUNEÑO','0000-00-00 00:00:00',NULL,NULL,'SI',''),(107,'Cladimiro','Veliz Via','7967974','14','1969-09-17','2015-06-01','1','HUANUNEÑO','0000-00-00 00:00:00',NULL,NULL,'SI',''),(108,'Jorge Oscar','Arnez Barrientos','2737481','14','1960-04-20','2015-06-01','1','HUANUNEÑO','0000-00-00 00:00:00',NULL,NULL,'SI',''),(109,'Victor Jhonny','Arnez Barrientos','3772615','14','1966-05-14','2015-06-01','1','HUANUNEÑO','0000-00-00 00:00:00',NULL,NULL,'SI',''),(110,'Juan Carlos','Rodriguez Luque','6429336','14','1970-08-11','2015-06-01','1','HUANUNEÑO','0000-00-00 00:00:00',NULL,NULL,'SI',''),(111,'Felix','Nina Alegria','37565751','14','1971-05-18','2015-06-01','1','HUANUNEÑO','0000-00-00 00:00:00',NULL,NULL,'SI',''),(112,'Mario Richar','Antezana Marcos','3618579','14','1968-12-08','2015-06-01','1','ESPOSO','0000-00-00 00:00:00',NULL,NULL,'SI','Esposa - Jenny Rosario Rodriguez Luque, prese'),(113,'Victor Hugo','Carvallo Martinez','4475619','14','1977-03-13','2015-06-01','1','HIJO','0000-00-00 00:00:00',NULL,NULL,'SI','Papa - Roberto Carvallo Vasquez, presenta CI '),(114,'Victor Hugo','Rodriguez Vasquez','3762223','14','1968-06-27','2015-06-01','1','HUANUNEÑO','0000-00-00 00:00:00','0000-00-00 00:00:00',NULL,'SI',''),(115,'Guillermo','Asllani Martinez','675642','15','1956-01-01','2015-06-01','1','HUANUNEÑO','0000-00-00 00:00:00','0000-00-00 00:00:00',NULL,'SI','No Presenta CI'),(116,'Carlos','Taborga Parraga','598913','20','1952-10-31','2015-06-01','1','HUANUNEÑO','0000-00-00 00:00:00','0000-00-00 00:00:00',NULL,'SI','No Presenta CI'),(117,'Ronald','Guevara Salinas','7967399','15','1959-12-20','2015-06-01','1','HUANUNEÑO','0000-00-00 00:00:00','0000-00-00 00:00:00',NULL,'SI','No Presenta CI'),(118,'Carlos','Soria Salgueiro','3506343','15','1970-04-18','2015-06-01','1','OTRO','0000-00-00 00:00:00',NULL,NULL,'SI','Ex Trabajador,Presenta papeleta de pago'),(119,'Rolando','Siles Zurita','','15','1970-01-12','2015-06-01','1','HUANUNEÑO','0000-00-00 00:00:00',NULL,NULL,'SI','No Presenta CI'),(120,'Freddy','Alcocer Jaldin','3601315','15','1959-10-16','2015-06-01','1','HUANUNEÑO','0000-00-00 00:00:00','0000-00-00 00:00:00',NULL,'SI',''),(121,'Limber','Siles Zurita','','15','0000-00-00','2015-06-01','1','HUANUNEÑO','0000-00-00 00:00:00',NULL,NULL,'SI','No Presenta CI'),(122,'Edwin','Taquichiri Montaño','4460320','15','1977-09-16','2015-06-01','1','HUANUNEÑO','0000-00-00 00:00:00',NULL,NULL,'SI',''),(123,'Ruben','Valdivia Taquichiri','4394937','15','1975-07-14','2015-06-01','1','HUANUNEÑO','0000-00-00 00:00:00',NULL,NULL,'SI',''),(124,'Eduardo','Siles Lujan','627089-21','15','1952-06-29','2015-06-01','1','OTRO','0000-00-00 00:00:00',NULL,NULL,'SI','Ex Trabajador, No presenta documento'),(125,'Marco Antonio','Crispin Soliz','3117966','15','1973-05-23','2015-06-01','1','HIJO','0000-00-00 00:00:00','0000-00-00 00:00:00',NULL,'SI','No presenta documentos padre/madre'),(126,'Jose','Soria Salguiero','3099395','15','1966-03-18','2015-06-01','1','ESPOSO','0000-00-00 00:00:00',NULL,NULL,'SI','Esposa - Narda Lucy Huayllas Montero de Soria'),(127,'Juan Jose','Chacon Bozo','','15','0000-00-00','2015-06-01','1',NULL,'0000-00-00 00:00:00',NULL,NULL,NULL,NULL),(128,'Eusebio','Perez Andrade','2731872','15','1953-12-17','2015-06-01','1','HUANUNEÑO','0000-00-00 00:00:00','0000-00-00 00:00:00',NULL,'SI',''),(129,'Hans','Camacho Claros','3779268','15','1969-06-01','2015-06-01','1','HUANUNEÑO','0000-00-00 00:00:00','0000-00-00 00:00:00',NULL,NULL,NULL),(130,'Andres','Rodriguez Escalante','3540985','15','1972-11-30','2015-06-01','1','OTRO','0000-00-00 00:00:00',NULL,NULL,'SI','Ex Trabajador, presenta Memorandum EMH'),(131,'Saul','Sulcata Arias','3103495','15','1967-10-07','2015-06-01','1','HUANUNEÑO','0000-00-00 00:00:00',NULL,NULL,'SI',''),(133,'Jaime','Cordova Calderon','3723807','7','1969-01-23','2015-06-13','1','OTRO','0000-00-00 00:00:00','0000-00-00 00:00:00',NULL,'SI','Radicado, presenta libreta de Escuela'),(134,'Wilfor','Castellon Cruz','4495029','7','1977-06-03','2015-06-13','1','HUANUNEÑO','0000-00-00 00:00:00',NULL,NULL,'SI',''),(135,'Roger','Zeballos Calizaya','3088576','7','1963-08-21','2015-06-13','1','HUANUNEÑO','0000-00-00 00:00:00','0000-00-00 00:00:00',NULL,'SI','Certificado de Nacimiento'),(136,'Juan','Zeballos Ledezma','3802400','7','1973-09-08','2015-06-13','1','ESPOSO','0000-00-00 00:00:00','0000-00-00 00:00:00',NULL,'SI','Esposa Rosario Elizabeth Jimenez Martinez de '),(137,'Fernando','Fernandez Rojas','3601312','7','1966-10-04','2015-06-13','1','HUANUNEÑO','0000-00-00 00:00:00','0000-00-00 00:00:00',NULL,'SI',''),(138,'Walter','Rocha Guevara','3531555','7','1964-11-01','2015-06-13','1','HUANUNEÑO','0000-00-00 00:00:00','0000-00-00 00:00:00',NULL,'SI',''),(139,'Elmer','Pereira Zarate','3111951','7','1970-01-07','2015-06-13','1','HUANUNEÑO','0000-00-00 00:00:00','0000-00-00 00:00:00',NULL,'SI',''),(140,'Rolando','Santos Chumacero','3408447','7','1967-11-28','2015-06-13','1','HUANUNEÑO','0000-00-00 00:00:00',NULL,NULL,'SI',''),(141,'Javier','Sanchez Mercado','3576225','7','1966-10-13','2015-06-13','1','HUANUNEÑO','0000-00-00 00:00:00','0000-00-00 00:00:00',NULL,'SI',''),(142,'Ademar','Navarro Castro','3093559','7','1964-04-17','2015-06-13','1','HUANUNEÑO','0000-00-00 00:00:00',NULL,NULL,'SI',''),(143,'Gonzalo','Pomarayme Pomarayme','3083069','7','1965-02-11','2015-06-13','1','HUANUNEÑO','0000-00-00 00:00:00','0000-00-00 00:00:00',NULL,'SI',''),(144,'Isaias','Morales Morales','3775957','7','1965-04-02','2015-06-13','1','HUANUNEÑO','0000-00-00 00:00:00','0000-00-00 00:00:00',NULL,'SI',''),(145,'Freddy','Maldonado Ascuy','3040007','7','1958-07-14','2015-06-13','1','HUANUNEÑO','0000-00-00 00:00:00',NULL,NULL,'SI',''),(146,'Segundino','Morales Morales','624703','7','1950-03-29','2015-06-13','1','HUANUNEÑO','0000-00-00 00:00:00','0000-00-00 00:00:00',NULL,'SI',''),(147,'Gavino','Ramirez Callata','2736704','7','1950-10-25','2015-06-13','1','NINGUNO','0000-00-00 00:00:00',NULL,NULL,'SI','Nacido en Oruro'),(148,'Gustavo','Pomarayme Pomarayme','3506296','7','1965-11-02','2015-06-13','1','HUANUNEÑO','0000-00-00 00:00:00','0000-00-00 00:00:00',NULL,'SI',''),(149,'Rolando','Pacheco Vargas','637283','7','1955-03-14','2015-06-13','1','NINGUNO','0000-00-00 00:00:00','0000-00-00 00:00:00',NULL,'SI','Nacido en Pulacayo Potosi'),(150,'Ledgar Elton','Saravia Escalante','','7','1974-11-28','2015-06-13','1','NINGUNO','0000-00-00 00:00:00',NULL,NULL,NULL,NULL),(151,'Sergio German','Lopez Cespedes','5191480','7','1977-09-09','2015-06-13','1','HUANUNEÑO','0000-00-00 00:00:00',NULL,NULL,'SI',''),(152,'Miguel Angel','Arroyo Ajhuacho','3550847','7','1978-07-04','2015-06-13','1','HUANUNEÑO','0000-00-00 00:00:00',NULL,NULL,'SI',''),(153,'Omar','Ayma Mamani','3786025','8','1966-10-02','2015-06-13','1','NINGUNO','0000-00-00 00:00:00','0000-00-00 00:00:00',NULL,'SI','No Presenta Carnet'),(154,'Ramiro','Ayma Mamani','6524590','5','1970-03-11','2015-06-13','1','HUANUNEÑO','0000-00-00 00:00:00','0000-00-00 00:00:00',NULL,'SI',''),(155,'Julio','Colodro Lopez','2720058','5','1961-04-12','2015-06-13','1','HUANUNEÑO','0000-00-00 00:00:00',NULL,NULL,'SI',''),(156,'Ismael','Mamani Roque','2750435','5','1968-06-18','2015-06-13','1','OTRO','0000-00-00 00:00:00',NULL,NULL,'SI','Nacido en Poopo - Venta y Media'),(157,'Abad','Quispe Mamani','2761394','5','1972-02-29','2015-06-13','1','OTRO','0000-00-00 00:00:00',NULL,NULL,'SI','Nacido en Poopo - Venta y Media'),(158,'Javier','Quispe Mamani','3613940','5','1968-01-20','2015-06-13','1','HUANUNEÑO','0000-00-00 00:00:00','0000-00-00 00:00:00',NULL,'SI',''),(159,'Eloy','Flores Crispin','7330243','5','1970-12-01','2015-06-13','1','OTRO','0000-00-00 00:00:00',NULL,NULL,'SI','nacio en Venta y Media'),(160,'Justo','Choque Mamani','3424911','5','1966-10-18','2015-06-13','1','ESPOSO','0000-00-00 00:00:00','0000-00-00 00:00:00',NULL,'SI','Esposa - Ana Maria Castro Berrios, presenta c'),(161,'Froctoso','Arias Mamani','3041387','5','1960-04-20','2015-06-13','1','OTRO','0000-00-00 00:00:00',NULL,NULL,'SI','Nacido en Poopo - Venta y Media'),(162,'Jose Antonio','Huarachi Mamani','4472089','5','1975-02-10','2015-06-13','1','OTRO','0000-00-00 00:00:00',NULL,NULL,'SI','Nacido en Poopo - Venta y Media'),(163,'Irineo','Quispe Mamani','7900610','5','1968-10-19','2015-06-13','1','OTRO','0000-00-00 00:00:00','0000-00-00 00:00:00',NULL,'SI','Nacido en Poopo - Venta y Media'),(164,'Jhon','Macias Moya','4175656','5','1978-06-22','2015-06-13','1','HIJO','0000-00-00 00:00:00',NULL,NULL,'SI','Su padre nacio en Poopo - Venta y Media'),(165,'Nils Fritz','Santander Macias','4377285','5','1979-11-23','2015-06-13','1','HUANUNEÑO','0000-00-00 00:00:00',NULL,NULL,'SI',''),(166,'Jaime','Mitma Choquecallata','1149386','5','1973-04-04','2015-06-13','1','OTRO','0000-00-00 00:00:00',NULL,NULL,'SI','Nacio en Poopo - Venta y media'),(167,'Francisco','Mitma Choquecallata','2735685','5','1958-12-17','2015-06-13','1','HUANUNEÑO','0000-00-00 00:00:00','0000-00-00 00:00:00',NULL,NULL,NULL),(168,'Marco Antonio','Quiroz Torrez','','5','0000-00-00','2015-06-13','1','NINGUNO','0000-00-00 00:00:00',NULL,NULL,NULL,NULL),(169,'Sergio','Calle Macias','3083819','5','1965-01-01','2015-06-13','1','HUANUNEÑO','0000-00-00 00:00:00',NULL,NULL,'SI',''),(170,'Abdon','Arispe Vidal','4406219','5','1975-04-21','2015-06-13','1','ESPOSO','0000-00-00 00:00:00',NULL,NULL,'SI','Esposa -  Micela Mamani Choquecallata, presen'),(171,'Jose','Huarachi Villca','5245423','5','1975-02-22','2015-06-13','1','HUANUNEÑO','0000-00-00 00:00:00',NULL,NULL,'SI',''),(172,'Isaac','Manzel Choque','','5','0000-00-00','2015-06-13','1','NINGUNO','0000-00-00 00:00:00',NULL,NULL,NULL,NULL),(173,'Jhonny','Villca Goytia','4079631','5','1976-04-02','2015-06-13','1','HUANUNEÑO','0000-00-00 00:00:00',NULL,NULL,'SI',''),(174,'Fernando','Calle Davila','3045549','21','1962-09-26','2015-06-13','1','HIJO','0000-00-00 00:00:00',NULL,NULL,'SI','No presenta documentos del papa/mama'),(175,'Milan','Calle Crispin','3616741','21','1970-12-31','2015-06-13','1','OTRO','0000-00-00 00:00:00',NULL,NULL,'SI','Nacido Poopo - Venta y Media'),(176,'Julian','Poma Nina','3722034','21','1967-09-01','2015-06-13','1','HUANUNEÑO','0000-00-00 00:00:00',NULL,NULL,'SI',''),(177,'Samuel','Ledezma Ramirez','3801642','21','1965-05-29','2015-06-13','1','ESPOSO','0000-00-00 00:00:00',NULL,NULL,'SI','Esposa - Esther Reyes Pozo, presenta Certific'),(178,'Jorge','Crespo Rocha','2726783','21','1954-07-27','2015-06-13','1','HUANUNEÑO','0000-00-00 00:00:00',NULL,NULL,'SI',''),(179,'Ramiro','Ticona Espada','3540815','21','1973-01-26','2015-06-13','1','ESPOSO','0000-00-00 00:00:00',NULL,NULL,'SI','No presenta documentos de esposa'),(180,'Jesus','Cortes Albam','2787105','21','0000-00-00','2015-06-13','1','NINGUNO','0000-00-00 00:00:00',NULL,NULL,NULL,NULL),(181,'Ruben','Morales Vasquez','4392139','21','1974-06-17','2015-06-13','1','HUANUNEÑO','0000-00-00 00:00:00',NULL,NULL,'SI',''),(182,'Ariel','Morales Vasquez','4532913','21','1979-02-01','2015-06-13','1','HUANUNEÑO','0000-00-00 00:00:00',NULL,NULL,'SI',''),(183,'Willy','Castillo Zubieta','4402425','21','1974-06-25','2015-06-13','1','ESPOSO','0000-00-00 00:00:00',NULL,NULL,'SI','Esposa - Allison Begonia Paco Medina, present'),(184,'Wilder','Balderrama Choque','3753345','21','1971-09-18','2015-06-13','1','HUANUNEÑO','0000-00-00 00:00:00',NULL,NULL,'SI',''),(185,'Estiven','Santa Cruz Veizaga','5241594','21','1977-12-26','2015-06-13','1','HUANUNEÑO','0000-00-00 00:00:00',NULL,NULL,'SI',''),(186,'Ruben','Salvatierra Quinteros','9110980','21','1969-06-04','2015-06-13','1','ESPOSO','0000-00-00 00:00:00',NULL,NULL,'SI','Esposa - Monica Dayana Ortega Siñani'),(187,'Roberto','Alvarez Montenegro','1918963','21','1974-03-09','2015-06-13','1','ESPOSO','0000-00-00 00:00:00','0000-00-00 00:00:00',NULL,'SI','No Presenta documenos esposa'),(188,'Carlos','Pobletty Quintana','3744996','21','1968-08-01','2015-06-13','1','HUANUNEÑO','0000-00-00 00:00:00','0000-00-00 00:00:00',NULL,'SI',''),(189,'Richard','Padilla Gonsalez','7913824','21','1973-09-29','2015-06-13','1','ESPOSO','0000-00-00 00:00:00',NULL,NULL,'SI','Esposa - Beatriz Martha Alvarez Mayda,present'),(190,'David','Rivera Centellas','3596531','21','1965-03-22','2015-06-13','1','HUANUNEÑO','0000-00-00 00:00:00',NULL,NULL,'SI',''),(191,'Rodolfo','Lazo Merida','3429079','21','1969-10-05','2015-06-13','1','HUANUNEÑO','0000-00-00 00:00:00','0000-00-00 00:00:00',NULL,NULL,NULL),(192,'Gustavo','Arandia Mena','4417352','21','1976-11-03','2015-06-13','1','ESPOSO','0000-00-00 00:00:00',NULL,NULL,'SI','Esposa - Marlen Alvarez Mayda, No tiene CI'),(193,'Roberto','Claros Guzman','4507946','21','1974-03-09','2015-06-13','1','ESPOSO','0000-00-00 00:00:00',NULL,NULL,'SI','Esposa - Felicidad Fortunata SantaCruz Veizag'),(194,'Eloy','Maida Iriarte','3725833','20','1966-06-25','2015-06-13','1','HUANUNEÑO','0000-00-00 00:00:00',NULL,NULL,'SI',''),(195,'Carlos','Acero Valdez','3095035','20','1966-10-07','2015-06-13','1','HUANUNEÑO','0000-00-00 00:00:00','0000-00-00 00:00:00',NULL,'SI','No presenta CI ni documentos padre/madre'),(196,'Juan','Rivera Zelaes','','20','1967-06-23','2015-06-13','1','ESPOSO','0000-00-00 00:00:00',NULL,NULL,'SI','No presenta documentos de esposa'),(197,'Alex','Rivera Ayala','','20','1970-06-09','2015-06-13','1','HUANUNEÑO','0000-00-00 00:00:00',NULL,NULL,'SI','presenta certificado de nacimiento'),(198,'Rene','Solis Rioja','','34','1973-12-14','2015-06-13','1','HIJO','0000-00-00 00:00:00',NULL,NULL,'SI','No presenta documentos de padre/madre'),(199,'Zenon Fernando','Andia Juarez','','34','1971-05-20','2015-06-13','1','HIJO','0000-00-00 00:00:00',NULL,NULL,'SI','No presenta documentos padre/madre ni CI '),(200,'Milton','Maida Iriarte','','20','0000-00-00','2015-06-13','1','NINGUNO','0000-00-00 00:00:00',NULL,NULL,NULL,NULL),(201,'Humberto','Heredia Torrez','3102150','20','1965-04-21','2015-06-13','1','HUANUNEÑO','0000-00-00 00:00:00','0000-00-00 00:00:00',NULL,'SI',''),(202,'Emilio','Camargo Orellana','1087338','20','1963-04-27','2015-06-13','1','HUANUNEÑO','0000-00-00 00:00:00','0000-00-00 00:00:00',NULL,'SI',''),(203,'Luis Alberto','Alanez Gonzales','4403856','34','1973-04-13','2015-06-13','1','ESPOSO','0000-00-00 00:00:00',NULL,NULL,'SI','No presenta documentos de esposa'),(204,'Richard','Chavez Torrico','','20','0000-00-00','2015-06-13','1','NINGUNO','0000-00-00 00:00:00',NULL,NULL,NULL,NULL),(205,'Mario','Caceres Conde','5212307','20','1974-05-27','2015-06-13','1','HUANUNEÑO','0000-00-00 00:00:00','0000-00-00 00:00:00',NULL,'SI','No presenta documentos padre/madre'),(206,'Adalid','Peres Tejerina','3506348','34','1969-02-21','2015-06-13','1','HUANUNEÑO','0000-00-00 00:00:00',NULL,NULL,'SI',''),(207,'Guntar','Godoy Molina','','20','1970-02-01','2015-06-13','1','HIJO','0000-00-00 00:00:00',NULL,NULL,'SI','No Presenta documentos  padre/madere ni CI'),(208,'Andres','Choque Quintena','','20','0000-00-00','2015-06-13','1','NINGUNO','0000-00-00 00:00:00',NULL,NULL,NULL,NULL),(209,'Francisco','Llanos Choque','3509490','34','1972-10-09','2015-06-13','1','HUANUNEÑO','0000-00-00 00:00:00',NULL,NULL,'SI',''),(210,'Jose','Montaño Ureña','','20','0000-00-00','2015-06-13','1','NINGUNO','0000-00-00 00:00:00',NULL,NULL,NULL,NULL),(211,'Freddy','Garcia Velarde','','20','0000-00-00','2015-06-13','1','NINGUNO','0000-00-00 00:00:00',NULL,NULL,NULL,NULL),(212,'Andres','Varias Escalera','4428308','20','1968-12-27','2015-06-13','1','HIJO','0000-00-00 00:00:00','0000-00-00 00:00:00',NULL,'SI','No presenta documentos padre/madre ni CI'),(213,'Marco Antony','Fuentes Cruz','','20','0000-00-00','2015-06-13','1','NINGUNO','0000-00-00 00:00:00',NULL,NULL,NULL,NULL),(214,'Richard','Said Ortiz','','34','0000-00-00','2015-06-13','1','NINGUNO','0000-00-00 00:00:00',NULL,NULL,'NO',''),(215,'Fausto Rodrigo','Moya Ortiz','3108599','34','1968-03-23','2015-06-13','1','NINGUNO','0000-00-00 00:00:00',NULL,NULL,'SI','Nacido en Potosi - Prov. Bustillo Catavi'),(216,'Jhonny','Villanueva Miranda','','2','0000-00-00','2015-06-13','1','NINGUNO','0000-00-00 00:00:00',NULL,NULL,NULL,NULL),(217,'Sandro','Nava Ramos','','2','0000-00-00','2015-06-13','1','NINGUNO','0000-00-00 00:00:00',NULL,NULL,NULL,NULL),(218,'Rafael','Gonsalez Vigabriel','','2','0000-00-00','2015-06-13','1','NINGUNO','0000-00-00 00:00:00',NULL,NULL,NULL,NULL),(219,'Alvaro','Silvestre Heredia','','2','0000-00-00','2015-06-13','1','NINGUNO','0000-00-00 00:00:00',NULL,NULL,'NO',''),(220,'Pascual','Bustamante Bustamante','','2','1954-05-14','2015-06-13','1','HUANUNEÑO','0000-00-00 00:00:00',NULL,NULL,'SI',''),(221,'Celedonio','Colque Marconi','','2','0000-00-00','2015-06-13','1','NINGUNO','0000-00-00 00:00:00',NULL,NULL,NULL,NULL),(222,'Milco','Alba Lizarazu','','2','0000-00-00','2015-06-13','1','NINGUNO','0000-00-00 00:00:00',NULL,NULL,NULL,NULL),(223,'Willy','Miranda Claros','','2','1951-06-29','2015-06-13','1','HUANUNEÑO','0000-00-00 00:00:00',NULL,NULL,'SI',''),(224,'Jhonn','Marza','','2','0000-00-00','2015-06-13','1','NINGUNO','0000-00-00 00:00:00',NULL,NULL,NULL,NULL),(225,'Hernan','Caballero Crespo','','2','0000-00-00','2015-06-13','1','NINGUNO','0000-00-00 00:00:00',NULL,NULL,NULL,NULL),(226,'Rene','Quispe','','2','0000-00-00','2015-06-13','1','NINGUNO','0000-00-00 00:00:00',NULL,NULL,NULL,NULL),(227,'Marcelo Jorge','Cordoba Pacheco','3118287','34','1972-09-09','2015-06-13','1','HUANUNEÑO','0000-00-00 00:00:00',NULL,NULL,'SI',''),(228,'Moises','Guaman Olivera','','2','0000-00-00','2015-06-13','1','NINGUNO','0000-00-00 00:00:00',NULL,NULL,NULL,NULL),(229,'Limberth','Villanueva Miranda','','2','0000-00-00','2015-06-13','1','NINGUNO','0000-00-00 00:00:00',NULL,NULL,NULL,NULL),(230,'Mario','Rivera Ayala','','2','0000-00-00','2015-06-13','1','NINGUNO','0000-00-00 00:00:00',NULL,NULL,NULL,NULL),(231,'Jorge','Miranda Claros','8842295','2','1959-03-02','2015-06-13','1','HUANUNEÑO','0000-00-00 00:00:00','0000-00-00 00:00:00',NULL,'SI',''),(232,'Vladimir','Rojas','','34','0000-00-00','2015-06-13','1','NINGUNO','0000-00-00 00:00:00',NULL,NULL,'NO',''),(233,'Martin','Bustamante Molina','','2','0000-00-00','2015-06-13','1','NINGUNO','0000-00-00 00:00:00',NULL,NULL,NULL,NULL),(234,'Andres','Helguero Viscarra','3101955','22','1962-11-30','2015-06-13','1','HUANUNEÑO','0000-00-00 00:00:00','0000-00-00 00:00:00',NULL,'SI',''),(235,'Ricardo Ysmael','Rojas Rodriguez','4034627','22','1965-06-16','2015-06-13','1','HUANUNEÑO','0000-00-00 00:00:00',NULL,NULL,'SI',''),(236,'Esteban T.','Torrez Escobar','3344911','22','1964-08-09','2015-06-13','1','HUANUNEÑO','0000-00-00 00:00:00','0000-00-00 00:00:00',NULL,'SI',''),(237,'Borys R.','Caceres Conde','5208476','22','1977-02-04','2015-06-13','1','HUANUNEÑO','0000-00-00 00:00:00',NULL,NULL,'SI',''),(238,'Fernando','Ramirez Rojas','3502189','22','1968-10-16','2015-06-13','1','HUANUNEÑO','0000-00-00 00:00:00','0000-00-00 00:00:00',NULL,'SI',''),(239,'Remigio Luis','Asllani Ramirez','3512131','22','1960-10-01','2015-06-13','1','HUANUNEÑO','0000-00-00 00:00:00','0000-00-00 00:00:00',NULL,'SI',''),(240,'Edwin','Reynaga Vasquez','4531627','8','1973-10-31','2015-06-13','1','HUANUNEÑO','0000-00-00 00:00:00','0000-00-00 00:00:00',NULL,'SI',''),(241,'Marco Antonio','Fernandez Fernandez','3542980','22','1970-04-09','2015-06-13','1','HUANUNEÑO','0000-00-00 00:00:00',NULL,NULL,'SI',''),(242,'Ramiro','Nina Lima','4403392','22','1968-03-11','2015-06-13','1','HIJO','0000-00-00 00:00:00',NULL,NULL,'SI','Presenta fotocopia CI de la madre'),(243,'Juan Carlos','Revollo Cano','7371445','22','1966-06-25','2015-06-13','1','OTRO','0000-00-00 00:00:00',NULL,NULL,'SI','Nacio en Cataricagua'),(244,'Victor Hugo','Mercado Cuevas','4416605','22','1971-12-15','2015-06-13','1','HUANUNEÑO','0000-00-00 00:00:00','0000-00-00 00:00:00',NULL,'SI',''),(245,'Heriberto Ramon','Chavez Ledezma','3598328','22','1967-12-10','2015-06-13','1','HUANUNEÑO','0000-00-00 00:00:00','0000-00-00 00:00:00',NULL,'SI',''),(246,'Gonzalo Vladimir','Revollo Cano','3775381','22','1970-01-18','2015-06-13','1','OTRO','0000-00-00 00:00:00','0000-00-00 00:00:00',NULL,'SI','Nacio en Cataricagua'),(247,'Edwin','Guzman Garcia','4473880','22','1975-02-06','2015-06-13','1','ESPOSO','0000-00-00 00:00:00',NULL,NULL,'SI','Esposa - Mariel Ivonne Olivares Escalera, pre'),(248,'Vladimir','Rocha Coca','4386283','22','1974-07-18','2015-06-13','1','OTRO','0000-00-00 00:00:00',NULL,NULL,'SI','Radicado,presenta boleta de pago'),(249,'Jose Luis','Escalera Garcia','4495099','22','1968-09-05','2015-06-13','1','ESPOSO','0000-00-00 00:00:00','0000-00-00 00:00:00',NULL,'SI','Esposa - Mery Rodriguez Laura'),(250,'Gustavo','Ordoñez Ferrufino','','22','0000-00-00','2015-06-13','1','NINGUNO','0000-00-00 00:00:00',NULL,NULL,NULL,NULL),(251,'Silver Gonzalo','Torrez Villarroel','3749595','22','1968-07-25','2015-06-13','1','ESPOSO','0000-00-00 00:00:00','0000-00-00 00:00:00',NULL,'SI','Esposa - Lidia Rodriguez Laura, certificado d'),(252,'Steven','Santa Cruz Veizaga','','22','0000-00-00','2016-06-07','1','HUANUNEÑO',NULL,NULL,NULL,NULL,''),(254,'Franklin','Crispin Soliz','3532917','8','1971-12-28','2016-06-07','1','HIJO',NULL,NULL,NULL,'SI','No presenta documentos padre/madre'),(255,'Jose Wasfor','Perez Tejerina','','20','1979-01-06','2016-06-07','1','HIJO',NULL,NULL,NULL,'SI','No Presenta documentos padre/madre ni CI'),(256,'Juan Carlos','Pardo Rodriguez','4479310','14','1973-06-12','2016-06-07','1','HUANUNEÑO',NULL,NULL,NULL,'SI',''),(257,'Quintin','Vidal Orellana','3088635','9','1963-10-31','2016-06-07','1','HUANUNEÑO',NULL,NULL,NULL,'SI','NO presenta documentos'),(258,'Alfredo','Del Carpio  Orellana','3614015','9','1972-11-27','2016-06-07','1','HUANUNEÑO',NULL,NULL,NULL,'SI',''),(259,'Miguel Santos','Condori Machaca','2770668-1c','9','1960-07-05','2016-06-07','1','HUANUNEÑO',NULL,NULL,NULL,'SI',''),(260,'Samuel','Montaño Cardenas','4252901','7','1969-10-09','2016-06-07','1','HIJO',NULL,NULL,NULL,'SI','Mama Beatriz Cardenas de Montaño,presenta CI '),(261,'Oswaldo Turian','Laura Salvatierra','3789971','7','1974-02-22','2016-06-07','1','HIJO',NULL,NULL,NULL,'SI','No presenta Documentos\n'),(262,'Wilfredo Humberto','Reynoso Sosa','3461064','22','1966-07-26','2016-06-07','1','HUANUNEÑO',NULL,NULL,NULL,'SI','\n'),(263,'Gavino Ivan','Ajata Gil','3622368','5','1969-03-10','2016-06-07','1','ESPOSO',NULL,NULL,NULL,'SI','\n'),(264,'Mario','Caceres Chavez','9357238','6','1953-05-27','2016-06-11','1','HUANUNEÑO',NULL,NULL,NULL,'SI',''),(265,'Luis Alejandro','Perez Santos','','10','1953-05-27','2016-06-11','1','HIJO',NULL,NULL,NULL,'SI','No presenta fotocopia CI'),(266,'Omar','Encinas Almaraz','5175658','8','1978-03-18','2016-06-11','4','HIJO',NULL,NULL,NULL,'SI','Presenta fotocopia CI Madre'),(267,'Percy Cesar','Mollinedo Cruz','9511423','26','1978-03-18','2016-06-11','4','HIJO',NULL,NULL,NULL,'SI','Presenta fotocopia CI Madre'),(268,'Giovany','Fernandez Rodo','9395001','26','1991-12-13','2016-06-11','4','HIJO',NULL,NULL,NULL,'SI','Presenta certificado de Nacimiento de la Madr'),(269,'Marcelo','Fernandez Rodo','8732102','26','1988-04-26','2016-06-11','4','HIJO',NULL,NULL,NULL,'SI','Presenta certificado de Nacimiento de la Madr'),(270,'Jaime Freddy','Cruz Serrano','12971612','26','1991-11-12','2016-06-11','4','HIJO',NULL,NULL,NULL,'SI','Presenta fotocopia CI del padre'),(271,'Luis Gustavo','Catorceno Perez','6507119','26','1989-09-18','2016-06-11','4','HUANUNEÑO',NULL,NULL,NULL,'SI',''),(272,'Gonzalo Manuel','Pomarayme Soliz','8693278','26','1990-10-07','2016-06-11','4','HUANUNEÑO',NULL,NULL,NULL,'SI',''),(273,'Tex Romer','Encinas Almaraz','8032796','26','1989-05-23','2016-06-11','4','HIJO',NULL,NULL,NULL,'SI','Presenta fotocopia CI de la Madre'),(274,'Leonel Franco','Gonzales Andia','8721990','26','1993-03-31','2016-06-11','4','HUANUNEÑO',NULL,NULL,NULL,'SI',''),(275,'Ivan Brian','Toledo Romero','14059574','26','1997-10-22','2016-06-11','4','HIJO',NULL,NULL,NULL,'SI','Presenta fotocopia CI de la Madre'),(276,'Rodrigo','Encinas Almaraz','8009751-1B','26','1991-08-19','2016-06-11','4','HIJO',NULL,NULL,NULL,'SI','Presenta fotocopia CI de la Madre'),(277,'Jhonatan','Rivera Garcia','8731647','26','1997-12-07','2016-06-11','4','HIJO',NULL,NULL,NULL,'SI','Presenta fotocopia CI del Padre'),(278,'MClinder','Balderrama Bilbao','7960267','19','1991-07-22','2016-06-11','5','HIJO',NULL,NULL,NULL,'SI','Presenta fotocopia del Padre'),(279,'Gasset Jose','Balderrama Daza','7947265','19','1991-10-29','2016-06-11','5','HIJO',NULL,NULL,NULL,'SI','Presenta fotocopia del Padre'),(280,'Ademar Alfredo','Ayala Reyes','5905051','24','1984-01-05','2016-06-11','4','HUANUNEÑO',NULL,NULL,NULL,'SI',''),(281,'Juan Carlos','Ayala Reyes','3800687','24','1974-02-24','2016-06-11','4','HUANUNEÑO',NULL,NULL,NULL,'SI',''),(282,'Tito','Quispe Reyes','6425906','24','1987-11-17','2016-06-11','4','HIJO',NULL,NULL,NULL,'SI','Presenta presenta fotocopia CI de la Madre'),(283,'Juan Jose','Ayala Reyes','5225858','24','1980-09-28','2016-06-11','4','HUANUNEÑO',NULL,NULL,NULL,'SI',''),(284,'Alvaro Wilder','Balderrama Rivera','9329919','24','1994-10-20','2016-06-11','4','HIJO',NULL,NULL,NULL,'SI','Presenta fotocopia CI de la Madre'),(285,'Juan Carlos','Rivera Onofre','8843209','24','1997-08-22','2016-06-11','4','HIJO',NULL,NULL,NULL,'SI','Presenta fotocopia CI del Padre'),(286,'Jose Pedro','Ledezma Reyes','12400490','24','1997-08-19','2016-06-11','4','HIJO',NULL,NULL,NULL,'SI','Presenta fotocopia CI de la Madre'),(287,'Pablo','Zelaya Reyes','6548155','24','1987-10-25','2016-06-11','4','HIJO',NULL,NULL,NULL,'SI','Presenta fotocopia CI de la Madre'),(288,'Benjamin','Zelaya Reyes','7896416','24','1989-08-24','2016-06-11','4','HIJO',NULL,NULL,NULL,'SI','Presenta fotocopia CI de la Madre'),(289,'Benjhamin Jhohans','Zelada Ayala','12462548','24','1995-12-12','2016-06-11','4','HIJO',NULL,NULL,NULL,'SI','Presenta  fotocopia Certificado Matrimonio Ma'),(290,'Saul Marcial','Vasquez Reyes','7981531','24','1989-08-14','2016-06-11','4','HIJO',NULL,NULL,NULL,'SI','Presenta  fotocopia CI de la Madre'),(291,'Ausberto Alejandro','Zerda Mendez','2789230','24','1961-07-09','2016-06-11','4','ESPOSO',NULL,NULL,NULL,'SI','Presenta  certificado de matrimonio'),(292,'Hector','Zelaya Reyes','12553838','24','1997-05-30','2016-06-11','4','HIJO',NULL,NULL,NULL,'SI','Presenta  fotocopia CI de la Madre'),(293,'Jhonatan Noe','Barahona Lopez','8053505','24','1993-04-27','2016-06-11','4','HIJO',NULL,NULL,NULL,'SI','Presenta  fotocopia CI del Padre'),(294,'Daniel','Yucra Umiri','9341398','24','1998-09-23','2016-06-11','4','HIJO',NULL,NULL,NULL,'SI','Presenta  fotocopia CI del Padre'),(295,'Eulogio Ramiro','Apaza Maydana','4773674','24','1976-03-12','2016-06-11','4','ESPOSO',NULL,NULL,NULL,'SI','Presenta  fotocopia Certificado Matrimonio'),(296,'Ulises Alberto','Yucra Umiri','9341125','24','1993-02-15','2016-06-11','4','HIJO',NULL,NULL,NULL,'SI','Presenta  fotocopia CI del Padre'),(297,'Yrgo','Antoriano Antezana','5237672','24','1980-03-15','2016-06-11','4','ESPOSO',NULL,NULL,NULL,'SI','Presenta  fotocopia CI  de la Esposa'),(298,'Alejandro','Ayma Sanchez','9397728','16','1999-07-28','2016-06-11','4','HIJO',NULL,NULL,NULL,'SI','Presenta  fotocopia CI  del Padre'),(299,'Kevin Jesus','Panozo Parra','','16','1994-05-25','2016-06-11','4','HIJO',NULL,NULL,NULL,'SI','Presenta  fotocopia certificado de nacimiento'),(300,'Javier Eloy','Alvarez Rivera','','16','1995-12-02','2016-06-11','4','HIJO',NULL,NULL,NULL,'SI','Presenta  fotocopia certificado de nacimiento'),(301,'Nelson','Zurita Santa Cruz','8736788','16','1991-10-28','2016-06-11','4','HIJO',NULL,NULL,NULL,'SI','Presenta  fotocopia CI de la Madre'),(302,'Dilan','Ayma Sanchez','9397737','16','1997-11-11','2016-06-11','4','HIJO',NULL,NULL,NULL,'SI','Presenta  fotocopia CI del Padre'),(303,'Jorge Alberto','Daza Llampa','8843317','16','1999-09-26','2016-06-11','4','HIJO',NULL,NULL,NULL,'SI','Presenta  fotocopia CI del Padre'),(304,'Roy Iber','Poblety Sanchez','','16','1990-02-07','2016-06-11','4','HIJO',NULL,NULL,NULL,'SI','Presenta  fotocopia CN del Padre y del jugado'),(305,'Juan Carlos','Villca Cuellar','','16','1980-08-17','2016-06-11','4','ESPOSO',NULL,NULL,NULL,'SI','Presenta  fotocopia CM y CI de la esposa'),(306,'Willy Junior','Castillo Prado','9438149','16','1996-04-01','2016-06-11','4','HIJO',NULL,NULL,NULL,'SI','Presenta  fotocopia CI del Padre'),(307,'Juan Victor','Roque Hinojosa','6476652','16','1984-10-08','2016-06-11','4','HUANUNEÑO',NULL,NULL,NULL,'SI',''),(308,'Samuel Jorman','Daza Cruz','8033192','16','1982-05-23','2016-06-11','4','HIJO',NULL,NULL,NULL,'SI','Presenta fotocopia CI del Padre'),(309,'Victor Hugo','Teran Ayoroa','8049453','16','1994-06-20','2016-06-11','4','HIJO',NULL,NULL,NULL,'SI','Presenta fotocopia CI del Padre'),(310,'Brandon Rodrigo','Teran Ayoroa','8049469','16','1998-01-13','2016-06-11','4','HIJO',NULL,NULL,NULL,'SI','Presenta fotocopia CI del Padre'),(311,'Henry','Zorrilla Navarro','','31','1966-08-09','2016-06-11','2','HIJO',NULL,NULL,NULL,'SI','No Presenta fotocopia CI del jugador'),(312,'Juan Carlos','Morales Navarro','','31','1962-01-15','2016-06-11','2','HIJO',NULL,NULL,NULL,'SI','No Presenta fotocopia CI del jugador'),(313,'Juan Jose','Morales Navarro','','31','1962-01-15','2016-06-11','2','HIJO',NULL,NULL,NULL,'SI','No Presenta fotocopia CI del jugador'),(315,'Javier Evert','Navarro Castro','','31','1958-08-26','2016-06-11','2','NINGUNO',NULL,NULL,NULL,'SI','No Presenta fotocopia CI del jugador'),(316,'Milton','Helguero Doria Medina','6445466','28','1987-02-26','2016-06-11','5','HIJO',NULL,NULL,NULL,'SI','No Presenta documentos del padre/madre'),(317,'Rodrigo','Maldonado Calle','7994787','28','1991-07-28','2016-06-11','5','HIJO',NULL,NULL,NULL,'SI','No Presenta documentos del padre/madre'),(318,'Adrian Ernesto','Encinas Cespedes','6463558','28','1986-03-12','2016-06-11','5','HIJO',NULL,NULL,NULL,'SI','No Presenta documentos del padre/madre'),(319,'Jesus Reynaldo','Cespedes Encinas','6406742','28','1983-11-11','2016-06-11','5','HUANUNEÑO',NULL,NULL,NULL,'SI',''),(320,'Danny','Avalos Garcia','','28','1983-12-19','2016-06-11','5','NINGUNO',NULL,NULL,NULL,'SI','No presenta documentos del padre/madre'),(321,'Carlos','Pacheco de la Riva','4053547','28','1987-09-20','2016-06-11','5','NINGUNO',NULL,NULL,NULL,'SI','No presenta documentos del padre/madre,CI nac'),(322,'Jefferson','Ovando Lima','9316408','28','1998-02-07','2016-06-11','5','NINGUNO',NULL,NULL,NULL,'SI','No presenta documentos del padre/madre'),(323,'Gerald Raul','Ovando Lima','5938800','28','1984-01-01','2016-06-11','5','HUANUNEÑO',NULL,NULL,NULL,'SI',''),(324,'Kurmy Reynaldo','Encinas Cespedes','6483137','28','1983-08-30','2016-06-11','5','HUANUNEÑO',NULL,NULL,NULL,'SI',''),(325,'Edson','Fernandez Alcocer','','28','1985-11-07','2016-06-11','5','HIJO',NULL,NULL,NULL,'SI','No presenta CI, presenta CI del padre y la ma'),(326,'Eduardo Daniel','Lopez Cespedes','6523794','28','1988-10-13','2016-06-11','5','NINGUNO',NULL,NULL,NULL,'SI','No presenta CI del padre y la madre'),(327,'Rafael','Cruz Gamon','','28','1969-12-12','2016-06-11','5','NINGUNO',NULL,NULL,NULL,'SI','No presenta documentos'),(328,'Marco','Salas Bravo','','28','1970-07-09','2016-06-11','5','NINGUNO',NULL,NULL,NULL,'SI','No presenta documentos'),(329,'Nestor Eloy','Yucra Vergara','','32','1967-11-13','2016-06-16','1','HUANUNEÑO',NULL,NULL,NULL,'SI','No presenta fotocopia CI'),(330,'Miguel Angel','Yucra Vergara','','32','1976-04-28','2016-06-16','1','HUANUNEÑO',NULL,NULL,NULL,'SI','No presenta fotocopia CI'),(331,'Marcial Basilio','Yucra Vergara','','32','1964-01-09','2016-06-16','1','HUANUNEÑO',NULL,NULL,NULL,'NO','No presenta fotocopia CI'),(332,'Sergio Roberto','Yucra Vergara','','32','1978-10-29','2016-06-16','1','HUANUNEÑO',NULL,NULL,NULL,'SI','No presenta fotocopia CI'),(333,'Lucio Fernando','Copa Martinez','','32','1980-03-04','2016-06-16','1','OTRO',NULL,NULL,NULL,'SI','Concubino No presenta fotocopia CI, '),(334,'Leonardo Jalmer','Unzueta Lafuente','','32','1973-02-11','2016-06-16','1','HIJO',NULL,NULL,NULL,'SI','No presenta fotocopia CI del padre/madre'),(335,'Carlos Arturo','Macias Mendoza','2869522','12','1987-05-23','2016-06-16','4','HIJO',NULL,NULL,NULL,'SI','Presenta fotocopia CI del padre'),(336,'Casiano Wilsor','Burgoa Rivera','','33','1971-02-20','2016-06-16','1','HUANUNEÑO',NULL,NULL,NULL,'SI','No presenta fotocopia de CI'),(337,'Teofilo','Torrico Mercado','','33','1964-12-13','2016-06-16','1','HIJO',NULL,NULL,NULL,'SI','No presenta fotocopia de CI de lamadre'),(338,'Amilcar Nino','Quiroga Moscoso','','33','1973-06-10','2016-06-16','1','HIJO',NULL,NULL,NULL,'SI','No presenta fotocopia de CI de lamadre'),(339,'Juan Carlos','Rocha Coca','','33','1968-06-27','2016-06-16','1','HIJO',NULL,NULL,NULL,'SI','No presenta fotocopia de CI del padre'),(340,'Jorge Nogales','Escalera','','33','1978-08-05','2016-06-16','1','HUANUNEÑO',NULL,NULL,NULL,'SI','No presenta fotocopia de CI'),(341,'Marco Antonio','Candia Flores','','33','1976-05-25','2016-06-16','1','HIJO',NULL,NULL,NULL,'SI','No presenta fotocopia de CI de lamadre'),(342,'Roberto Carlos','Rocha Coca','','33','1972-07-08','2016-06-16','1','HIJO',NULL,NULL,NULL,'SI','No presenta fotocopia de CI del padre'),(343,'Osman Nipur','Quiroga Moscoso','','33','1977-02-24','2016-06-16','1','HIJO',NULL,NULL,NULL,'SI','No presenta fotocopia de CI de la madre'),(344,'Marco Antonio','Gutierrez Vallejos','','33','1965-02-10','2016-06-16','1','HUANUNEÑO',NULL,NULL,NULL,'SI','No presenta fotocopia de CI'),(345,'Feliz','Alave Cardozo','','33','1968-10-06','2016-06-16','1','HUANUNEÑO',NULL,NULL,NULL,'SI','No presenta fotocopia de CI'),(346,'Delfin','Arroyo Reynaga ','3118163','8','1970-12-24','2016-06-16','1','HUANUNEÑO',NULL,NULL,NULL,'SI',''),(347,'Juan Carlos','Choquecallata Macias','5216748','22','1976-08-19','2016-06-18','1','HUANUNEÑO',NULL,NULL,NULL,'SI',''),(348,'Jose Luis','Huarachi Mamani','5155169','22','1981-02-12','2016-06-18','1','HUANUNEÑO',NULL,NULL,NULL,'SI',''),(349,'Edgar','Crispin Flores','9474356','22','1968-04-04','2016-06-18','1','HUANUNEÑO',NULL,NULL,NULL,'SI',''),(350,'Juan Manuel','Mariscal Crispin','4536226','22','1976-06-08','2016-06-18','1','HIJO',NULL,NULL,NULL,'SI','No presenta documentos de la madre'),(351,'Abel','Mitma Arias','5226604','22','1975-06-21','2016-06-18','1','HUANUNEÑO',NULL,NULL,NULL,'SI',''),(352,'Vladimir','Flores Escalera','5226604','22','1976-04-27','2016-06-18','1','HIJO',NULL,NULL,NULL,'SI','Presenta fotocopia CI del padre'),(353,'Rerik Juvenal','Pancorbo Guzman','4748202','22','1978-03-10','2016-06-18','1','HUANUNEÑO',NULL,NULL,NULL,'SI',''),(354,'David','Camacho Claros','3609990','22','1964-12-09','2016-06-18','1','OTRO',NULL,NULL,NULL,'SI','Vivio en Huanuni,pero no presenta documentos de respaldo'),(355,'Juan Carlos','Paca Gutierres','2759271','32','1964-07-04','2016-06-18','1','NINGUNO',NULL,NULL,NULL,'NO',''),(356,'Hilarion','Machaca Benito','2750994','32','1959-10-20','2016-06-18','1','NINGUNO',NULL,NULL,NULL,'NO',''),(357,'Juan Carlos','Jimenez Ramallo','3081285','32','1971-05-16','2016-06-18','1','NINGUNO',NULL,NULL,NULL,'NO',''),(358,'Zenon','Pacheco Quispe','4428552','32','1972-02-14','2016-06-18','1','NINGUNO',NULL,NULL,NULL,'NO',''),(359,'Jose Luis','Balderrama Choque','','32','0000-00-00','2016-06-18','1','NINGUNO',NULL,NULL,NULL,'NO',''),(360,'Guido Cornelio','Machaca Benito','7426501','32','1964-02-02','2016-06-18','1','NINGUNO',NULL,NULL,NULL,'NO',''),(361,'Ramiro','Bega Bega','','20','0000-00-00','2016-06-18','1','NINGUNO',NULL,NULL,NULL,'NO',''),(362,'Marco Antonio','Pancorbo Terrazas','','20','0000-00-00','2016-06-18','1','NINGUNO',NULL,NULL,NULL,'NO',''),(363,'Freddy','Terrazas','','20','0000-00-00','2016-06-18','1','NINGUNO',NULL,NULL,NULL,'NO',''),(364,'Willan','Enrriquez','','20','0000-00-00','2016-06-18','1','NINGUNO',NULL,NULL,NULL,'NO',''),(365,'Remberto','Montaño Ureña','','20','0000-00-00','2016-06-18','1','NINGUNO',NULL,NULL,NULL,'NO',''),(366,'Ariel','Terrazas Montero','','20','0000-00-00','2016-06-18','1','NINGUNO',NULL,NULL,NULL,'NO',''),(367,'Enrique','Martinez','','20','0000-00-00','2016-06-18','1','NINGUNO',NULL,NULL,NULL,'NO',''),(368,'Pedro','Taquichiri Andrade','','20','0000-00-00','2016-06-18','1','HUANUNEÑO',NULL,NULL,NULL,'NO',''),(369,'Marcos','Taquichiri Andrade','','20','0000-00-00','2016-06-18','1','HUANUNEÑO',NULL,NULL,NULL,'NO',''),(370,'Teofilo','Ledezma Herbas','','9','0000-00-00','2016-06-18','1','HUANUNEÑO',NULL,NULL,NULL,'NO',''),(371,'Alfonso','Flores Cruz','','9','0000-00-00','2016-06-18','1','HUANUNEÑO',NULL,NULL,NULL,'NO',''),(372,'Jorge Jose','Luque Condori','','9','0000-00-00','2016-06-18','1','HUANUNEÑO',NULL,NULL,NULL,'NO',''),(373,'Gabriel','Droguet Zeballos','','9','0000-00-00','2016-06-18','1','HUANUNEÑO',NULL,NULL,NULL,'NO',''),(374,'Rolando','Caceres Villarroel','','9','0000-00-00','2016-06-18','1','HUANUNEÑO',NULL,NULL,NULL,'NO',''),(375,'Oscar','Nina Rojas','','9','0000-00-00','2016-06-18','1','HUANUNEÑO',NULL,NULL,NULL,'NO',''),(376,'Daniel','Paniagua Rodriguez','','9','0000-00-00','2016-06-18','1','HUANUNEÑO',NULL,NULL,NULL,'NO',''),(377,'Felipe','Helqueno Viscarra','','20','0000-00-00','2016-06-18','1','HUANUNEÑO',NULL,NULL,NULL,'NO',''),(378,'Angel Martin','Parra Claros','4524298','32','1980-08-18','2016-06-18','1','HUANUNEÑO',NULL,NULL,NULL,'NO',''),(379,'Elmer Santos','Machaca Benito','3103795','32','1967-02-11','2016-06-18','1','NINGUNO',NULL,NULL,NULL,'NO',''),(380,'Lucio Antonio','Yucra Vergara','3548608','32','1960-06-13','2016-06-18','1','NINGUNO',NULL,NULL,NULL,'NO',''),(381,'Javier','Bohorquez Meneces','4434480','32','1978-04-17','2016-06-18','1','NINGUNO',NULL,NULL,NULL,'NO',''),(382,'Eloy','Perez Tejerina','1300067','32','1970-05-20','2016-06-18','1','NINGUNO',NULL,NULL,NULL,'NO',''),(383,'Elvis','Jaldin Alcala','4380931','32','1973-12-08','2016-06-18','1','NINGUNO',NULL,NULL,NULL,'NO',''),(384,'Cecilio','Altamirano Mamani','3042661','32','1965-02-01','2016-06-18','1','NINGUNO',NULL,NULL,NULL,'NO',''),(385,'Ronald Nelson','Escalera Rodriguez','4040003','34','1980-11-05','2016-06-27','1','HUANUNEÑO',NULL,NULL,NULL,'SI',''),(386,'Celedonio','Colque Marconi','3540282','34','1975-04-06','2016-06-27','1','HUANUNEÑO',NULL,NULL,NULL,'SI',''),(387,'Odon','Pancorbo Loza','972404','34','1957-07-06','2016-06-27','1','HUANUNEÑO',NULL,NULL,NULL,'SI',''),(388,'Rene Arturo','Cortez Rodriguez','3069180','34','1971-09-10','2016-06-27','1','NINGUNO',NULL,NULL,NULL,'SI','Nacido en Oruro segun la fotocopia del CI'),(389,'Milco','Alba Lizarazu','4421670','34','1976-06-14','2016-06-27','1','ESPOSO',NULL,NULL,NULL,'SI','No prresenta documentos esposa'),(390,'Jhony','Villanueva Miranda','3514317','34','1972-07-14','2016-06-27','1','HUANUNEÑO',NULL,NULL,NULL,'SI',''),(391,'Juan Carlos','Salas Cuevas','7903108','34','1980-05-01','2016-06-27','1','ESPOSO',NULL,NULL,NULL,'SI','No presenta documentos esposa'),(392,'Omar Elias','Vega Enriquez','3780341','2','1976-02-21','2016-06-27','1','ESPOSO',NULL,NULL,NULL,'NO',''),(393,'Rudy Yovani','Peredo Martinez','5182411','34','1980-09-06','2016-06-27','1','HIJO',NULL,NULL,NULL,'SI','No presenta documentos del padre/madre'),(394,'Pascual','Bustamante','','34','1980-09-06','2016-06-27','1','HUANUNEÑO',NULL,NULL,NULL,'NO','No presenta documentos'),(395,'Sandro','Nava Ramos','','34','1980-09-06','2016-06-27','1','HUANUNEÑO',NULL,NULL,NULL,'NO','No presenta documentos'),(396,'Imer','Condori Maygua','','34','0000-00-00','2016-06-27','1','HUANUNEÑO',NULL,NULL,NULL,'NO',''),(397,'Omar','Vega Bustamante','','34','0000-00-00','2016-06-27','1','HUANUNEÑO',NULL,NULL,NULL,'NO','');
/*!40000 ALTER TABLE `jugador` ENABLE KEYS */;
UNLOCK TABLES;

--
-- Table structure for table `jugador_club_xref`
--

DROP TABLE IF EXISTS `jugador_club_xref`;
/*!40101 SET @saved_cs_client     = @@character_set_client */;
/*!40101 SET character_set_client = utf8 */;
CREATE TABLE `jugador_club_xref` (
  `idjugador_club_xref` int(11) NOT NULL AUTO_INCREMENT,
  `fecha` date DEFAULT NULL,
  `jugador_idjugador` int(11) NOT NULL,
  `club_idclub` int(11) NOT NULL,
  PRIMARY KEY (`idjugador_club_xref`),
  KEY `fk_jugador_club_xref_jugador_idx` (`jugador_idjugador`),
  KEY `fk_jugador_club_xref_club1_idx` (`club_idclub`),
  CONSTRAINT `fk_jugador_club_xref_club1` FOREIGN KEY (`club_idclub`) REFERENCES `club` (`idclub`) ON DELETE NO ACTION ON UPDATE NO ACTION,
  CONSTRAINT `fk_jugador_club_xref_jugador` FOREIGN KEY (`jugador_idjugador`) REFERENCES `jugador` (`idjugador`) ON DELETE NO ACTION ON UPDATE NO ACTION
) ENGINE=InnoDB DEFAULT CHARSET=utf8;
/*!40101 SET character_set_client = @saved_cs_client */;

--
-- Dumping data for table `jugador_club_xref`
--

LOCK TABLES `jugador_club_xref` WRITE;
/*!40000 ALTER TABLE `jugador_club_xref` DISABLE KEYS */;
/*!40000 ALTER TABLE `jugador_club_xref` ENABLE KEYS */;
UNLOCK TABLES;

--
-- Table structure for table `partido`
--

DROP TABLE IF EXISTS `partido`;
/*!40101 SET @saved_cs_client     = @@character_set_client */;
/*!40101 SET character_set_client = utf8 */;
CREATE TABLE `partido` (
  `idpartido` int(11) NOT NULL AUTO_INCREMENT,
  `iddisciplina` int(11) DEFAULT NULL,
  `equipo1` int(11) DEFAULT NULL,
  `goles1` int(11) DEFAULT NULL,
  `puntos1` int(11) DEFAULT NULL,
  `equipo2` int(11) DEFAULT NULL,
  `goles2` int(11) DEFAULT NULL,
  `puntos2` int(11) DEFAULT NULL,
  `fecha` datetime DEFAULT NULL,
  `comments` text,
  `fechacreacion` datetime DEFAULT NULL,
  PRIMARY KEY (`idpartido`)
) ENGINE=InnoDB AUTO_INCREMENT=120 DEFAULT CHARSET=utf8;
/*!40101 SET character_set_client = @saved_cs_client */;

--
-- Dumping data for table `partido`
--

LOCK TABLES `partido` WRITE;
/*!40000 ALTER TABLE `partido` DISABLE KEYS */;
INSERT INTO `partido` VALUES (1,1,20,1,3,9,0,0,'2015-05-31 09:30:00','Independiente marco W.O. a Valle Bajo','2015-06-08 18:05:21'),(2,1,14,0,0,8,2,3,'2015-06-07 08:00:00','Porvenir no presento balon','2015-06-08 18:08:40'),(3,1,5,1,0,9,2,3,'2015-06-07 09:30:00','','2015-06-08 18:13:00'),(4,1,21,4,3,2,1,0,'2015-06-07 12:00:00','','2015-06-08 19:18:49'),(5,1,22,1,1,7,1,1,'2015-06-07 13:15:00','','2015-06-08 19:19:43'),(6,1,7,2,3,21,0,0,'2015-05-31 08:00:00','','2015-06-08 19:23:05'),(7,1,20,2,0,15,4,3,'2015-06-07 10:45:00','Control de mesa (Valle Bajo) no devolvio balon a Independiente','2015-06-08 19:28:29'),(8,1,15,0,0,22,3,3,'2015-05-31 10:45:00','','2015-06-08 19:30:13'),(9,1,2,0,0,14,4,3,'2015-05-31 12:00:00','Coboliv no presento balon ni pago boleta de multas (40Bs.)','2015-06-08 19:31:39'),(10,1,8,0,0,5,1,3,'2015-05-31 13:15:00','','2015-06-08 19:32:23'),(11,1,15,4,3,21,1,0,'2015-05-24 08:00:00','','2015-06-08 19:34:08'),(12,1,22,1,1,14,1,1,'2015-05-24 09:30:00','','2015-06-08 19:34:50'),(13,1,7,3,0,5,4,3,'2015-05-24 10:45:00','','2015-06-08 19:35:25'),(14,1,8,0,0,9,1,3,'2015-05-24 12:00:00','','2015-06-08 19:36:04'),(15,1,2,0,0,20,1,3,'2015-05-24 13:15:00','','2015-06-08 19:36:37'),(16,1,5,3,3,2,0,0,'2015-05-17 08:00:00','','2015-06-08 19:37:17'),(17,1,20,0,0,8,3,3,'2015-05-17 09:30:00','','2015-06-08 19:37:58'),(18,1,21,3,3,22,0,0,'2015-05-17 10:45:00','','2015-06-08 19:38:31'),(19,1,14,3,1,7,3,1,'2015-05-17 12:00:00','','2015-06-08 19:39:06'),(20,1,9,1,1,15,1,1,'2015-05-17 13:15:00','','2015-06-08 19:39:37'),(21,1,5,1,0,22,3,3,'2015-05-10 08:00:00','','2015-06-08 19:40:26'),(22,1,8,5,3,15,1,0,'2015-05-10 09:30:00','','2015-06-08 19:41:03'),(23,1,9,2,3,2,1,0,'2015-05-10 12:00:00','Coboliv no presento Balon','2015-06-08 19:42:58'),(24,1,7,1,3,20,0,0,'2015-05-10 13:15:00','','2015-06-08 19:44:22'),(25,1,14,1,3,21,0,0,'2015-05-10 14:20:00','','2015-06-08 19:44:53'),(26,4,23,2,0,26,4,3,'2015-06-06 14:00:00','','2015-06-08 22:39:27'),(27,4,16,3,3,24,1,0,'2015-06-07 16:00:00','','2015-06-08 22:40:36'),(28,4,3,2,0,13,4,3,'2015-06-07 14:30:00','','2015-06-08 22:41:24'),(29,4,12,9,3,3,2,0,'2015-05-30 14:00:00','','2015-06-08 22:42:16'),(30,4,24,2,0,26,8,3,'2015-05-30 16:00:00','','2015-06-08 22:42:53'),(31,4,25,3,3,23,3,0,'2015-05-31 14:30:00','Tiene observacion,\nPorvenir obtiene los puntos debido a la observacion','2015-06-08 22:44:03'),(32,4,13,3,3,16,1,0,'2015-05-31 16:00:00','','2015-06-08 22:44:52'),(33,4,26,1,1,13,1,1,'2015-05-23 14:00:00','','2015-06-08 22:45:31'),(34,4,23,9,3,24,0,0,'2015-05-23 16:00:00','','2015-06-08 22:46:24'),(35,4,3,0,0,25,5,3,'2015-05-24 14:30:00','','2015-06-08 22:47:04'),(36,4,12,1,0,16,2,3,'2015-05-24 16:00:00','','2015-06-08 22:48:02'),(37,4,3,1,1,23,1,1,'2015-05-16 14:30:00','','2015-06-08 22:48:43'),(38,4,25,1,0,16,2,3,'2015-05-16 16:00:00','','2015-06-08 22:49:20'),(39,4,12,3,3,26,1,0,'2015-05-17 14:30:00','','2015-06-08 22:50:07'),(40,4,13,3,3,24,0,0,'2015-05-17 16:00:00','','2015-06-08 22:50:37'),(41,5,30,2,0,29,5,3,'2015-06-07 08:00:00','','2015-06-08 23:31:35'),(42,5,17,1,0,19,5,3,'2015-06-07 09:00:00','','2015-06-08 23:32:43'),(43,5,4,1,3,18,0,0,'2015-06-07 09:45:00','Romper Rocas marco W.O. a VB','2015-06-08 23:35:53'),(44,5,10,5,3,28,3,0,'2015-06-07 10:30:00','','2015-06-08 23:36:53'),(45,5,27,3,3,11,1,0,'2015-06-07 11:15:00','','2015-06-08 23:37:37'),(46,5,18,2,1,17,2,1,'2015-06-04 08:00:00','','2015-06-08 23:38:31'),(47,5,28,3,0,4,5,3,'2015-06-04 09:00:00','','2015-06-08 23:39:07'),(48,5,11,6,3,10,4,0,'2015-06-04 09:45:00','','2015-06-08 23:40:08'),(49,5,29,4,0,27,6,3,'2015-06-04 10:30:00','','2015-06-08 23:41:04'),(50,5,19,4,0,30,5,3,'2015-06-04 11:15:00','','2015-06-08 23:41:34'),(51,5,4,2,1,11,2,1,'2015-05-31 08:00:00','','2015-06-08 23:42:46'),(52,5,10,5,0,29,6,3,'2015-05-31 09:00:00','','2015-06-08 23:43:20'),(53,5,27,3,0,30,6,3,'2015-05-31 09:45:00','','2015-06-08 23:43:48'),(54,5,17,3,0,28,4,3,'2015-05-31 10:30:00','','2015-06-08 23:44:21'),(55,5,18,1,0,19,5,3,'2015-05-31 11:15:00','','2015-06-08 23:44:55'),(56,5,30,3,0,10,6,3,'2015-05-24 08:00:00','','2015-06-08 23:45:27'),(57,5,19,3,3,27,0,0,'2015-05-24 09:00:00','','2015-06-08 23:46:01'),(58,5,29,4,0,4,6,3,'2015-05-24 09:45:00','','2015-06-08 23:46:36'),(59,5,11,7,3,17,2,0,'2015-05-24 10:30:00','','2015-06-08 23:47:10'),(60,5,28,4,0,18,6,3,'2015-05-24 11:15:00','','2015-06-08 23:47:49'),(61,5,28,2,0,19,5,3,'2015-05-17 08:00:00','','2015-06-08 23:48:29'),(62,5,18,0,0,11,1,3,'2015-05-17 09:00:00','Atletico Marza marco W.O a VB','2015-06-08 23:49:14'),(63,5,17,7,3,29,2,0,'2015-05-17 09:45:00','','2015-06-08 23:50:01'),(64,5,4,5,0,30,14,3,'2015-05-17 10:30:00','','2015-06-08 23:50:49'),(65,5,10,10,3,27,5,0,'2015-05-17 11:15:00','','2015-06-08 23:51:16'),(66,1,2,0,0,22,1,3,'2015-06-14 08:00:00','Santa Rosa marco W.O. a Coboliv','2015-06-16 17:36:28'),(67,1,8,2,1,21,2,1,'2015-06-14 09:30:00','','2015-06-16 17:37:14'),(68,1,20,0,0,5,2,3,'2015-06-14 10:45:00','','2015-06-16 17:38:00'),(69,1,15,1,0,7,3,3,'2015-06-14 12:00:00','','2015-06-16 17:38:34'),(70,1,9,2,3,14,1,0,'2015-06-14 13:15:00','','2015-06-16 17:39:37'),(71,4,26,1,1,16,1,1,'2015-06-13 14:00:00','','2015-06-16 17:41:53'),(72,4,13,1,1,25,1,1,'2015-06-13 16:00:00','','2015-06-16 17:42:34'),(73,4,12,2,3,23,1,0,'2015-06-14 14:30:00','San Pedro no se presento de mesa de control','2015-06-16 17:45:06'),(74,4,24,4,3,3,2,0,'2015-06-14 16:30:00','','2015-06-16 17:45:57'),(75,5,28,6,3,27,4,0,'2015-06-14 08:00:00','','2015-06-22 19:03:55'),(76,5,18,0,0,10,1,3,'2015-06-14 09:00:00','','2015-06-22 19:04:25'),(77,5,17,4,3,4,3,0,'2015-06-14 09:45:00','','2015-06-22 19:05:05'),(78,5,19,2,3,29,1,0,'2015-06-14 10:30:00','','2015-06-22 19:05:31'),(79,5,11,2,3,30,8,3,'2015-06-14 11:15:00','','2015-06-22 19:05:50'),(80,5,29,4,0,11,3,3,'2015-06-21 08:00:00','Tiene observacion, paso a comision tecnica.\n\nLos puntos pasaron directamente a A. Marza por impugnacion','2015-07-01 20:14:26'),(81,5,4,4,1,19,4,1,'2015-06-21 09:00:00','','2015-07-01 20:15:13'),(82,1,10,4,1,17,4,1,'2015-06-21 09:45:00','','2015-07-01 20:16:38'),(83,1,30,5,0,28,8,3,'2015-06-21 09:45:00','','2015-07-01 20:17:42'),(85,1,18,0,0,27,1,3,'2015-06-21 09:45:00','No se juego el partido Villa Buch esta fuera del campeonato','2015-07-01 20:19:53'),(86,1,14,7,3,20,0,0,'2015-06-21 08:00:00','','2015-07-01 20:30:42'),(87,1,21,1,3,9,0,0,'2015-06-21 09:00:00','','2015-07-01 20:32:05'),(88,1,15,5,3,5,1,0,'2015-06-21 10:45:00','','2015-07-01 20:32:47'),(89,1,7,1,3,2,0,0,'2015-06-21 10:45:00','olimpic marco W.O a coboliv','2015-07-01 20:33:37'),(90,1,22,1,3,8,0,0,'2015-06-21 10:45:00','','2015-07-01 20:34:22'),(91,4,25,5,3,24,0,0,'2015-06-20 14:00:00','','2015-07-01 20:36:00'),(92,4,3,3,1,26,3,1,'2015-06-20 16:00:00','','2015-07-01 20:36:56'),(93,4,23,1,1,16,1,1,'2015-06-21 14:00:00','','2015-07-01 20:37:48'),(94,4,12,1,0,13,3,3,'2015-06-21 16:00:00','','2015-07-01 20:38:30'),(95,1,7,0,1,8,0,1,'2015-06-28 08:00:00','','2015-07-07 20:05:27'),(96,1,9,2,3,22,0,0,'2015-06-28 09:00:00','','2015-07-07 20:06:10'),(97,1,20,1,0,21,5,3,'2015-06-28 10:45:00','','2015-07-07 20:06:47'),(98,1,5,0,1,14,0,1,'2015-06-28 12:00:00','','2015-07-07 20:07:51'),(99,1,15,1,3,2,0,0,'2015-06-28 13:15:00','los puntos pasan directo por expulsion de coboliv  por WO','2015-07-07 20:08:53'),(100,4,16,6,3,3,2,0,'2015-06-27 14:00:00','','2015-07-07 20:10:48'),(101,4,12,3,3,24,0,0,'2015-06-27 16:00:00','','2015-07-07 20:11:41'),(102,4,13,3,0,23,5,3,'2015-06-28 14:00:00','','2015-07-07 20:12:08'),(103,4,26,6,3,25,2,0,'2015-06-28 16:00:00','','2015-07-07 20:12:42'),(104,5,17,8,3,27,1,0,'2015-06-28 09:00:00','','2015-07-07 20:15:35'),(105,5,4,7,3,10,3,0,'2015-06-28 09:00:00','','2015-07-07 20:16:10'),(106,5,28,4,0,29,10,3,'2015-06-28 10:45:00','','2015-07-07 20:17:12'),(107,5,19,3,3,11,2,0,'2015-06-28 11:15:00','','2015-07-07 20:17:52'),(108,5,30,1,3,18,0,0,'2015-06-28 12:00:00','los puntos pasan directamente a diablos rojos','2015-07-07 20:18:45'),(109,5,27,10,3,4,9,0,'2015-07-05 11:15:00','','2015-07-07 20:20:05'),(110,5,30,4,3,17,2,0,'2015-07-05 10:45:00','','2015-07-07 20:20:52'),(111,5,10,4,3,19,3,0,'2015-07-05 09:30:00','','2015-07-07 20:21:23'),(112,5,11,7,3,28,3,0,'2015-07-05 09:00:00','','2015-07-07 20:21:59'),(113,5,29,1,3,18,0,0,'2015-07-05 08:00:00','los puntos pasan directamente a porvenir por expulsion de Villa Bush','2015-07-07 20:22:47'),(114,4,12,0,1,25,0,1,'2015-07-12 08:00:00','','2015-07-14 20:40:34'),(115,1,7,0,1,9,0,1,'2015-07-12 08:00:00','','2015-07-14 20:47:25'),(116,1,21,2,3,5,0,0,'2015-07-12 09:00:00','','2015-07-14 20:48:10'),(117,1,14,0,1,15,0,1,'2015-07-12 10:45:00','','2015-07-14 20:48:55'),(118,1,22,4,3,20,0,0,'2015-07-12 11:15:00','','2015-07-14 20:49:43'),(119,1,8,1,3,2,0,0,'2015-07-12 11:15:00','','2015-07-14 20:50:09');
/*!40000 ALTER TABLE `partido` ENABLE KEYS */;
UNLOCK TABLES;

--
-- Table structure for table `sancion`
--

DROP TABLE IF EXISTS `sancion`;
/*!40101 SET @saved_cs_client     = @@character_set_client */;
/*!40101 SET character_set_client = utf8 */;
CREATE TABLE `sancion` (
  `idsancion` int(11) NOT NULL AUTO_INCREMENT,
  `fecha` varchar(45) DEFAULT NULL,
  `duracion` varchar(45) DEFAULT NULL,
  `jugador_idjugador` int(11) NOT NULL,
  `activo` tinyint(1) DEFAULT NULL,
  PRIMARY KEY (`idsancion`),
  KEY `fk_sancion_jugador1_idx` (`jugador_idjugador`),
  CONSTRAINT `fk_sancion_jugador1` FOREIGN KEY (`jugador_idjugador`) REFERENCES `jugador` (`idjugador`) ON DELETE NO ACTION ON UPDATE NO ACTION
) ENGINE=InnoDB DEFAULT CHARSET=utf8;
/*!40101 SET character_set_client = @saved_cs_client */;

--
-- Dumping data for table `sancion`
--

LOCK TABLES `sancion` WRITE;
/*!40000 ALTER TABLE `sancion` DISABLE KEYS */;
/*!40000 ALTER TABLE `sancion` ENABLE KEYS */;
UNLOCK TABLES;

--
-- Table structure for table `tipo_usuario`
--

DROP TABLE IF EXISTS `tipo_usuario`;
/*!40101 SET @saved_cs_client     = @@character_set_client */;
/*!40101 SET character_set_client = utf8 */;
CREATE TABLE `tipo_usuario` (
  `tipoUsuario` varchar(200) NOT NULL,
  `descripcion` varchar(250) DEFAULT NULL,
  PRIMARY KEY (`tipoUsuario`)
) ENGINE=InnoDB DEFAULT CHARSET=latin1;
/*!40101 SET character_set_client = @saved_cs_client */;

--
-- Dumping data for table `tipo_usuario`
--

LOCK TABLES `tipo_usuario` WRITE;
/*!40000 ALTER TABLE `tipo_usuario` DISABLE KEYS */;
/*!40000 ALTER TABLE `tipo_usuario` ENABLE KEYS */;
UNLOCK TABLES;

--
-- Table structure for table `usuario`
--

DROP TABLE IF EXISTS `usuario`;
/*!40101 SET @saved_cs_client     = @@character_set_client */;
/*!40101 SET character_set_client = utf8 */;
CREATE TABLE `usuario` (
  `idUsuario` int(11) NOT NULL AUTO_INCREMENT,
  `tipoUsuario` varchar(200) NOT NULL,
  `login` varchar(30) NOT NULL,
  `password` varchar(150) NOT NULL,
  `apellidos` varchar(150) DEFAULT NULL,
  `nombre` varchar(100) NOT NULL,
  `comision` float(8,2) DEFAULT NULL,
  `bono` float(8,2) NOT NULL DEFAULT '0.00',
  `sueldo` float(8,2) NOT NULL,
  `datosPersonales` text,
  `fechaModificacion` timestamp NOT NULL DEFAULT CURRENT_TIMESTAMP ON UPDATE CURRENT_TIMESTAMP,
  `fechaIngreso` timestamp NOT NULL DEFAULT '0000-00-00 00:00:00',
  `fechaCreacion` timestamp NOT NULL DEFAULT '0000-00-00 00:00:00',
  `fechaInactivo` timestamp NULL DEFAULT NULL,
  PRIMARY KEY (`idUsuario`),
  UNIQUE KEY `loginEsUnico` (`login`),
  KEY `fk_es_de` (`tipoUsuario`),
  CONSTRAINT `fk_es_de` FOREIGN KEY (`tipoUsuario`) REFERENCES `tipo_usuario` (`tipoUsuario`)
) ENGINE=InnoDB DEFAULT CHARSET=latin1;
/*!40101 SET character_set_client = @saved_cs_client */;

--
-- Dumping data for table `usuario`
--

LOCK TABLES `usuario` WRITE;
/*!40000 ALTER TABLE `usuario` DISABLE KEYS */;
/*!40000 ALTER TABLE `usuario` ENABLE KEYS */;
UNLOCK TABLES;
/*!40103 SET TIME_ZONE=@OLD_TIME_ZONE */;

/*!40101 SET SQL_MODE=@OLD_SQL_MODE */;
/*!40014 SET FOREIGN_KEY_CHECKS=@OLD_FOREIGN_KEY_CHECKS */;
/*!40014 SET UNIQUE_CHECKS=@OLD_UNIQUE_CHECKS */;
/*!40101 SET CHARACTER_SET_CLIENT=@OLD_CHARACTER_SET_CLIENT */;
/*!40101 SET CHARACTER_SET_RESULTS=@OLD_CHARACTER_SET_RESULTS */;
/*!40101 SET COLLATION_CONNECTION=@OLD_COLLATION_CONNECTION */;
/*!40111 SET SQL_NOTES=@OLD_SQL_NOTES */;

-- Dump completed on 2016-06-28 10:01:47
